0.00,0.00,0.00,1448,1448,1448,1448
0.03,-0.62,-3.06,1448,1448,1448,1448
0.03,-0.63,-3.02,1456,1456,1456,1456
0.03,-0.64,-2.98,1456,1456,1456,1456
0.03,-0.64,-2.94,1456,1456,1456,1456
0.03,-0.66,-2.91,1456,1456,1456,1456
0.03,-0.67,-2.87,1456,1456,1456,1456
0.03,-0.67,-2.83,1456,1456,1456,1456
0.04,-0.69,-2.80,1456,1456,1456,1456
0.04,-0.69,-2.76,1456,1456,1456,1456
0.04,-0.70,-2.72,1456,1456,1456,1456
0.04,-0.71,-2.69,1456,1456,1456,1456
0.05,-0.72,-2.65,1456,1456,1456,1456
0.05,-0.73,-2.62,1456,1456,1456,1456
0.05,-0.74,-2.59,1456,1456,1456,1456
0.05,-0.74,-2.55,1456,1456,1456,1456
0.05,-0.76,-2.52,1456,1456,1456,1456
0.05,-0.76,-2.49,1456,1456,1456,1456
0.05,-0.77,-2.45,1456,1456,1456,1456
0.05,-0.78,-2.43,1456,1456,1456,1456
0.05,-0.78,-2.39,1456,1456,1456,1456
0.05,-0.79,-2.36,1456,1456,1456,1456
0.06,-0.80,-2.33,1456,1456,1456,1456
0.06,-0.81,-2.30,1456,1456,1456,1456
0.06,-0.81,-2.27,1456,1456,1456,1456
0.06,-0.82,-2.24,1460,1460,1460,1460
0.05,-0.83,-2.21,1456,1456,1456,1456
0.05,-0.84,-2.18,1456,1456,1456,1456
0.05,-0.85,-2.15,1456,1456,1456,1456
0.05,-0.85,-2.12,1460,1460,1460,1460
0.06,-0.86,-2.09,1456,1456,1456,1456
0.06,-0.86,-2.06,1456,1456,1456,1456
0.06,-0.87,-2.04,1456,1456,1456,1456
0.06,-0.88,-2.01,1456,1456,1456,1456
0.07,-0.88,-1.99,1456,1456,1456,1456
0.06,-0.89,-1.96,1456,1456,1456,1456
0.06,-0.90,-1.93,1456,1456,1456,1456
0.06,-0.90,-1.90,1444,1444,1444,1444
0.06,-0.91,-1.87,1456,1456,1456,1456
0.06,-0.92,-1.85,1456,1456,1456,1456
0.06,-0.92,-1.82,1452,1452,1452,1452
0.07,-0.93,-1.80,1456,1456,1456,1456
0.07,-0.94,-1.78,1456,1456,1456,1456
0.07,-0.95,-1.75,1456,1456,1456,1456
0.08,-0.95,-1.73,1456,1456,1456,1456
0.08,-0.95,-1.71,1456,1456,1456,1456
0.08,-0.96,-1.68,1456,1456,1456,1456
0.08,-0.97,-1.66,1456,1456,1456,1456
0.08,-0.97,-1.64,1452,1452,1452,1452
0.08,-0.98,-1.61,1456,1456,1456,1456
0.08,-0.98,-1.59,1456,1456,1456,1456
0.08,-0.99,-1.57,1452,1452,1452,1452
0.08,-0.99,-1.55,1456,1456,1456,1456
0.08,-1.00,-1.53,1456,1456,1456,1456
0.08,-1.00,-1.51,1456,1456,1456,1456
0.08,-1.01,-1.49,1456,1456,1456,1456
0.08,-1.02,-1.47,1456,1456,1456,1456
0.09,-1.02,-1.45,1452,1452,1452,1452
0.09,-1.02,-1.43,1456,1456,1456,1456
0.09,-1.03,-1.40,1456,1456,1456,1456
0.09,-1.03,-1.39,1456,1456,1456,1456
0.09,-1.04,-1.37,1460,1460,1460,1460
0.09,-1.04,-1.35,1456,1456,1456,1456
0.09,-1.04,-1.33,1456,1456,1456,1456
0.09,-1.05,-1.31,1456,1456,1456,1456
0.09,-1.06,-1.29,1456,1456,1456,1456
0.09,-1.06,-1.27,1456,1456,1456,1456
0.09,-1.06,-1.26,1448,1448,1448,1448
0.09,-1.06,-1.24,1456,1456,1456,1456
0.10,-1.07,-1.22,1456,1456,1456,1456
0.10,-1.08,-1.20,1456,1456,1456,1456
0.09,-1.08,-1.19,1456,1456,1456,1456
0.09,-1.09,-1.17,1456,1456,1456,1456
0.09,-1.09,-1.15,1456,1456,1456,1456
0.09,-1.09,-1.13,1456,1456,1456,1456
0.10,-1.10,-1.12,1456,1456,1456,1456
0.10,-1.10,-1.10,1456,1456,1456,1456
0.10,-1.11,-1.08,1456,1456,1456,1456
0.10,-1.11,-1.07,1456,1456,1456,1456
0.10,-1.11,-1.06,1456,1456,1456,1456
0.10,-1.11,-1.04,1460,1460,1460,1460
0.10,-1.12,-1.02,1456,1456,1456,1456
0.10,-1.12,-1.01,1456,1456,1456,1456
0.10,-1.13,-0.99,1456,1456,1456,1456
0.10,-1.13,-0.98,1456,1456,1456,1456
0.10,-1.13,-0.96,1456,1456,1456,1456
0.11,-1.14,-0.95,1456,1456,1456,1456
0.11,-1.14,-0.94,1456,1456,1456,1456
0.11,-1.15,-0.92,1456,1456,1456,1456
0.11,-1.15,-0.90,1448,1448,1448,1448
0.12,-1.16,-0.89,1456,1456,1456,1456
0.12,-1.16,-0.87,1456,1456,1456,1456
0.11,-1.16,-0.86,1456,1456,1456,1456
0.11,-1.17,-0.85,1456,1456,1456,1456
0.11,-1.17,-0.83,1456,1456,1456,1456
0.11,-1.17,-0.82,1456,1456,1456,1456
0.12,-1.18,-0.80,1448,1448,1448,1448
0.12,-1.18,-0.79,1456,1456,1456,1456
0.12,-1.18,-0.78,1456,1456,1456,1456
0.12,-1.18,-0.77,1456,1456,1456,1456
0.13,-1.18,-0.75,1456,1456,1456,1456
0.12,-1.19,-0.74,1456,1456,1456,1456
0.12,-1.19,-0.73,1456,1456,1456,1456
0.12,-1.19,-0.72,1456,1456,1456,1456
0.12,-1.20,-0.71,1460,1460,1460,1460
0.13,-1.20,-0.69,1456,1456,1456,1456
0.13,-1.20,-0.68,1456,1456,1456,1456
0.13,-1.20,-0.67,1456,1456,1456,1456
0.13,-1.20,-0.66,1456,1456,1456,1456
0.13,-1.21,-0.65,1456,1456,1456,1456
0.13,-1.21,-0.64,1456,1456,1456,1456
0.13,-1.22,-0.63,1456,1456,1456,1456
0.13,-1.22,-0.61,1456,1456,1456,1456
0.13,-1.22,-0.61,1456,1456,1456,1456
0.13,-1.22,-0.59,1456,1456,1456,1456
0.13,-1.22,-0.59,1456,1456,1456,1456
0.13,-1.22,-0.57,1456,1456,1456,1456
0.13,-1.23,-0.56,1456,1456,1456,1456
0.13,-1.23,-0.55,1456,1456,1456,1456
0.13,-1.24,-0.54,1452,1452,1452,1452
0.13,-1.24,-0.53,1452,1452,1452,1452
0.13,-1.24,-0.52,1452,1452,1452,1452
0.13,-1.25,-0.52,1456,1456,1456,1456
0.13,-1.25,-0.50,1456,1456,1456,1456
0.14,-1.25,-0.49,1456,1456,1456,1456
0.14,-1.25,-0.49,1456,1456,1456,1456
0.14,-1.25,-0.48,1456,1456,1456,1456
0.14,-1.25,-0.47,1456,1456,1456,1456
0.14,-1.26,-0.46,1456,1456,1456,1456
0.14,-1.26,-0.45,1452,1452,1452,1452
0.14,-1.26,-0.45,1452,1452,1452,1452
0.14,-1.27,-0.43,1456,1456,1456,1456
0.14,-1.27,-0.43,1456,1456,1456,1456
0.14,-1.27,-0.42,1464,1464,1464,1464
0.14,-1.27,-0.41,1452,1452,1452,1452
0.14,-1.27,-0.40,1456,1456,1456,1456
0.14,-1.28,-0.39,1456,1456,1456,1456
0.14,-1.28,-0.38,1456,1456,1456,1456
0.14,-1.29,-0.38,1456,1456,1456,1456
0.15,-1.29,-0.37,1456,1456,1456,1456
0.15,-1.29,-0.36,1456,1456,1456,1456
0.15,-1.29,-0.35,1456,1456,1456,1456
0.15,-1.29,-0.35,1456,1456,1456,1456
0.15,-1.29,-0.34,1456,1456,1456,1456
0.15,-1.29,-0.33,1456,1456,1456,1456
0.15,-1.30,-0.33,1456,1456,1456,1456
0.15,-1.30,-0.31,1456,1456,1456,1456
0.15,-1.30,-0.31,1456,1456,1456,1456
0.16,-1.30,-0.30,1456,1456,1456,1456
0.16,-1.30,-0.30,1456,1456,1456,1456
0.16,-1.31,-0.29,1456,1456,1456,1456
0.16,-1.31,-0.28,1456,1456,1456,1456
0.16,-1.31,-0.28,1456,1456,1456,1456
0.16,-1.32,-0.27,1456,1456,1456,1456
0.16,-1.32,-0.26,1456,1456,1456,1456
0.16,-1.32,-0.26,1456,1456,1456,1456
0.16,-1.32,-0.25,1456,1456,1456,1456
0.17,-1.32,-0.24,1456,1456,1456,1456
0.17,-1.32,-0.24,1456,1456,1456,1456
0.17,-1.32,-0.23,1456,1456,1456,1456
0.17,-1.32,-0.22,1456,1456,1456,1456
0.17,-1.32,-0.22,1456,1456,1456,1456
0.17,-1.32,-0.21,1456,1456,1456,1456
0.17,-1.33,-0.21,1456,1456,1456,1456
0.17,-1.33,-0.20,1456,1456,1456,1456
0.17,-1.33,-0.19,1456,1456,1456,1456
0.17,-1.34,-0.19,1456,1456,1456,1456
0.17,-1.34,-0.19,1456,1456,1456,1456
0.17,-1.34,-0.18,1456,1456,1456,1456
0.17,-1.34,-0.17,1452,1452,1452,1452
0.17,-1.34,-0.17,1456,1456,1456,1456
0.17,-1.34,-0.17,1456,1456,1456,1456
0.17,-1.34,-0.16,1456,1456,1456,1456
0.17,-1.34,-0.15,1456,1456,1456,1456
0.17,-1.34,-0.15,1456,1456,1456,1456
0.17,-1.34,-0.14,1456,1456,1456,1456
0.17,-1.34,-0.14,1452,1452,1452,1452
0.17,-1.35,-0.14,1456,1456,1456,1456
0.17,-1.35,-0.13,1456,1456,1456,1456
0.18,-1.35,-0.12,1456,1456,1456,1456
0.18,-1.35,-0.12,1456,1456,1456,1456
0.18,-1.35,-0.12,1456,1456,1456,1456
0.18,-1.36,-0.11,1456,1456,1456,1456
0.18,-1.36,-0.10,1456,1456,1456,1456
0.18,-1.36,-0.10,1456,1456,1456,1456
0.18,-1.36,-0.10,1456,1456,1456,1456
0.18,-1.36,-0.09,1456,1456,1456,1456
0.18,-1.36,-0.08,1456,1456,1456,1456
0.18,-1.36,-0.08,1456,1456,1456,1456
0.19,-1.36,-0.07,1456,1456,1456,1456
0.19,-1.36,-0.07,1456,1456,1456,1456
0.19,-1.36,-0.07,1456,1456,1456,1456
0.19,-1.36,-0.06,1456,1456,1456,1456
0.19,-1.36,-0.06,1456,1456,1456,1456
0.19,-1.36,-0.05,1456,1456,1456,1456
0.19,-1.36,-0.05,1456,1456,1456,1456
0.19,-1.37,-0.05,1460,1460,1460,1460
0.19,-1.37,-0.04,1456,1456,1456,1456
0.19,-1.37,-0.04,1456,1456,1456,1456
0.20,-1.37,-0.03,1452,1452,1452,1452
0.20,-1.37,-0.03,1452,1452,1452,1452
0.20,-1.38,-0.03,1456,1456,1456,1456
0.20,-1.38,-0.03,1456,1456,1456,1456
0.20,-1.38,-0.02,1456,1456,1456,1456
0.20,-1.38,-0.02,1456,1456,1456,1456
0.20,-1.38,-0.02,1456,1456,1456,1456
0.20,-1.38,-0.01,1456,1456,1456,1456
0.20,-1.38,-0.01,1456,1456,1456,1456
0.20,-1.38,-0.01,1456,1456,1456,1456
0.20,-1.38,-0.00,1456,1456,1456,1456
0.20,-1.38,-0.00,1456,1456,1456,1456
0.20,-1.38,0.00,1456,1456,1456,1456
0.20,-1.38,0.01,1456,1456,1456,1456
0.20,-1.38,0.01,1456,1456,1456,1456
0.20,-1.38,0.01,1456,1456,1456,1456
0.20,-1.38,0.02,1456,1456,1456,1456
0.20,-1.38,0.02,1456,1456,1456,1456
0.20,-1.38,0.02,1460,1459,1460,1459
0.20,-1.38,0.02,1456,1455,1456,1455
0.21,-1.38,0.03,1456,1455,1456,1455
0.21,-1.38,0.03,1456,1455,1456,1455
0.21,-1.38,0.03,1456,1455,1456,1455
0.21,-1.38,0.04,1456,1455,1456,1455
0.21,-1.38,0.04,1456,1455,1456,1455
0.21,-1.38,0.04,1456,1455,1456,1455
0.21,-1.38,0.04,1456,1455,1456,1455
0.21,-1.38,0.04,1460,1459,1460,1459
0.21,-1.38,0.05,1460,1459,1460,1459
0.21,-1.39,0.05,1456,1455,1456,1455
0.21,-1.39,0.05,1456,1455,1456,1455
0.22,-1.39,0.06,1456,1455,1456,1455
0.22,-1.39,0.06,1456,1455,1456,1455
0.22,-1.39,0.07,1456,1455,1456,1455
0.22,-1.39,0.07,1456,1455,1456,1455
0.22,-1.39,0.07,1456,1455,1456,1455
0.22,-1.39,0.07,1456,1455,1456,1455
0.22,-1.39,0.08,1452,1451,1452,1451
0.22,-1.39,0.08,1452,1451,1452,1451
0.22,-1.39,0.08,1456,1455,1456,1455
0.22,-1.39,0.08,1456,1455,1456,1455
0.22,-1.40,0.09,1456,1455,1456,1455
0.22,-1.40,0.09,1460,1459,1460,1459
0.22,-1.40,0.09,1456,1455,1456,1455
0.22,-1.40,0.09,1456,1455,1456,1455
0.22,-1.40,0.09,1456,1455,1456,1455
0.22,-1.40,0.09,1456,1455,1456,1455
0.23,-1.40,0.10,1460,1459,1460,1459
0.23,-1.40,0.10,1456,1455,1456,1455
0.23,-1.40,0.11,1456,1455,1456,1455
0.23,-1.40,0.11,1456,1455,1456,1455
0.23,-1.40,0.11,1456,1455,1456,1455
0.23,-1.40,0.11,1456,1455,1456,1455
0.23,-1.41,0.11,1456,1455,1456,1455
0.23,-1.41,0.11,1456,1455,1456,1455
0.23,-1.41,0.11,1456,1455,1456,1455
0.23,-1.41,0.11,1456,1455,1456,1455
0.23,-1.41,0.12,1456,1455,1456,1455
0.23,-1.41,0.12,1456,1455,1456,1455
0.23,-1.41,0.12,1456,1455,1456,1455
0.23,-1.41,0.12,1456,1455,1456,1455
0.23,-1.41,0.12,1456,1455,1456,1455
0.23,-1.41,0.12,1456,1455,1456,1455
0.23,-1.41,0.13,1456,1455,1456,1455
0.24,-1.41,0.13,1460,1459,1460,1459
0.24,-1.41,0.13,1460,1459,1460,1459
0.24,-1.41,0.13,1456,1455,1456,1455
0.24,-1.41,0.14,1456,1455,1456,1455
0.24,-1.41,0.14,1456,1455,1456,1455
0.24,-1.41,0.14,1456,1455,1456,1455
0.24,-1.41,0.14,1456,1455,1456,1455
0.24,-1.41,0.14,1456,1455,1456,1455
0.24,-1.41,0.14,1456,1455,1456,1455
0.24,-1.42,0.14,1456,1455,1456,1455
0.24,-1.41,0.15,1456,1455,1456,1455
0.24,-1.41,0.15,1456,1455,1456,1455
0.24,-1.41,0.15,1456,1455,1456,1455
0.24,-1.41,0.15,1468,1467,1468,1467
0.24,-1.41,0.15,1456,1455,1456,1455
0.25,-1.41,0.16,1452,1451,1452,1451
0.25,-1.41,0.16,1452,1451,1452,1451
0.25,-1.41,0.16,1452,1451,1452,1451
0.25,-1.41,0.16,1456,1455,1456,1455
0.25,-1.41,0.16,1456,1455,1456,1455
0.25,-1.41,0.16,1456,1455,1456,1455
0.25,-1.41,0.17,1456,1455,1456,1455
0.25,-1.41,0.17,1452,1451,1452,1451
0.25,-1.41,0.17,1452,1451,1452,1451
0.25,-1.41,0.18,1456,1455,1456,1455
0.25,-1.42,0.18,1456,1455,1456,1455
0.25,-1.41,0.18,1456,1455,1456,1455
0.25,-1.42,0.18,1456,1455,1456,1455
0.25,-1.42,0.18,1456,1455,1456,1455
0.25,-1.41,0.18,1456,1455,1456,1455
0.25,-1.41,0.18,1456,1455,1456,1455
0.25,-1.41,0.18,1456,1455,1456,1455
0.25,-1.41,0.18,1456,1455,1456,1455
0.25,-1.41,0.18,1456,1455,1456,1455
0.25,-1.41,0.18,1456,1455,1456,1455
0.25,-1.41,0.19,1456,1455,1456,1455
0.25,-1.41,0.19,1456,1455,1456,1455
0.25,-1.42,0.19,1456,1455,1456,1455
0.25,-1.42,0.19,1456,1455,1456,1455
0.25,-1.42,0.19,1456,1455,1456,1455
0.25,-1.42,0.19,1456,1455,1456,1455
0.26,-1.42,0.20,1456,1455,1456,1455
0.26,-1.42,0.20,1456,1455,1456,1455
0.26,-1.42,0.20,1456,1455,1456,1455
0.26,-1.42,0.20,1456,1455,1456,1455
0.26,-1.42,0.20,1456,1455,1456,1455
0.26,-1.42,0.21,1456,1455,1456,1455
0.26,-1.42,0.21,1456,1455,1456,1455
0.26,-1.42,0.21,1456,1455,1456,1455
0.26,-1.42,0.21,1456,1455,1456,1455
0.26,-1.42,0.21,1456,1455,1456,1455
0.26,-1.42,0.21,1456,1455,1456,1455
0.26,-1.42,0.21,1456,1455,1456,1455
0.26,-1.42,0.21,1456,1455,1456,1455
0.27,-1.42,0.21,1456,1455,1456,1455
0.27,-1.42,0.21,1456,1455,1456,1455
0.27,-1.42,0.21,1456,1455,1456,1455
0.27,-1.42,0.21,1456,1455,1456,1455
0.27,-1.42,0.21,1456,1455,1456,1455
0.27,-1.42,0.21,1456,1455,1456,1455
0.27,-1.42,0.21,1456,1455,1456,1455
0.27,-1.42,0.21,1460,1459,1460,1459
0.27,-1.42,0.21,1456,1455,1456,1455
0.27,-1.42,0.21,1456,1455,1456,1455
0.27,-1.42,0.21,1456,1455,1456,1455
0.27,-1.42,0.22,1456,1455,1456,1455
0.27,-1.43,0.22,1456,1455,1456,1455
0.28,-1.42,0.22,1456,1455,1456,1455
0.27,-1.43,0.22,1456,1455,1456,1455
0.28,-1.42,0.22,1448,1447,1448,1447
0.27,-1.43,0.23,1456,1455,1456,1455
0.27,-1.43,0.23,1456,1455,1456,1455
0.27,-1.43,0.23,1456,1455,1456,1455
0.27,-1.43,0.23,1456,1455,1456,1455
0.28,-1.43,0.23,1456,1455,1456,1455
0.28,-1.43,0.23,1456,1455,1456,1455
0.28,-1.43,0.23,1456,1455,1456,1455
0.28,-1.43,0.23,1456,1455,1456,1455
0.28,-1.43,0.23,1456,1455,1456,1455
0.28,-1.43,0.23,1456,1455,1456,1455
0.28,-1.43,0.23,1456,1455,1456,1455
0.29,-1.43,0.23,1456,1455,1456,1455
0.29,-1.43,0.23,1456,1455,1456,1455
0.29,-1.43,0.23,1456,1455,1456,1455
0.29,-1.43,0.23,1456,1455,1456,1455
0.29,-1.43,0.23,1452,1451,1452,1451
0.29,-1.43,0.23,1456,1455,1456,1455
0.29,-1.43,0.23,1456,1455,1456,1455
0.29,-1.43,0.23,1456,1455,1456,1455
0.29,-1.43,0.23,1456,1455,1456,1455
0.29,-1.43,0.23,1464,1463,1464,1463
0.30,-1.43,0.23,1456,1455,1456,1455
0.30,-1.43,0.23,1456,1455,1456,1455
0.30,-1.43,0.23,1468,1467,1468,1467
0.29,-1.43,0.23,1456,1455,1456,1455
0.29,-1.43,0.23,1456,1455,1456,1455
0.29,-1.43,0.23,1456,1455,1456,1455
0.29,-1.43,0.23,1456,1455,1456,1455
0.29,-1.43,0.23,1456,1455,1456,1455
0.29,-1.43,0.23,1456,1455,1456,1455
0.30,-1.43,0.23,1456,1455,1456,1455
0.30,-1.43,0.23,1468,1467,1468,1467
0.30,-1.43,0.23,1460,1459,1460,1459
0.30,-1.43,0.23,1460,1459,1460,1459
0.30,-1.43,0.23,1456,1455,1456,1455
0.30,-1.43,0.24,1452,1451,1452,1451
0.30,-1.43,0.24,1456,1455,1456,1455
0.30,-1.43,0.24,1448,1447,1448,1447
0.30,-1.43,0.24,1456,1455,1456,1455
0.30,-1.43,0.24,1456,1455,1456,1455
0.30,-1.43,0.24,1456,1455,1456,1455
0.30,-1.43,0.24,1456,1455,1456,1455
0.30,-1.43,0.24,1456,1455,1456,1455
0.31,-1.43,0.24,1456,1455,1456,1455
0.31,-1.43,0.24,1456,1455,1456,1455
0.31,-1.43,0.24,1456,1455,1456,1455
0.31,-1.43,0.25,1456,1455,1456,1455
0.31,-1.44,0.25,1456,1455,1456,1455
0.31,-1.44,0.25,1456,1455,1456,1455
0.31,-1.44,0.25,1456,1455,1456,1455
0.31,-1.44,0.25,1456,1455,1456,1455
0.31,-1.44,0.25,1456,1455,1456,1455
0.31,-1.44,0.25,1456,1455,1456,1455
0.32,-1.44,0.25,1456,1455,1456,1455
0.32,-1.44,0.25,1456,1455,1456,1455
0.32,-1.44,0.25,1456,1455,1456,1455
0.32,-1.44,0.25,1456,1455,1456,1455
0.32,-1.44,0.25,1456,1455,1456,1455
0.32,-1.44,0.26,1456,1455,1456,1455
0.32,-1.44,0.26,1456,1455,1456,1455
0.32,-1.44,0.25,1456,1455,1456,1455
0.32,-1.44,0.25,1456,1455,1456,1455
0.32,-1.44,0.25,1456,1455,1456,1455
0.32,-1.44,0.25,1456,1455,1456,1455
0.32,-1.44,0.26,1456,1455,1456,1455
0.32,-1.44,0.26,1456,1455,1456,1455
0.32,-1.44,0.26,1456,1455,1456,1455
0.32,-1.44,0.26,1456,1455,1456,1455
0.32,-1.44,0.26,1456,1455,1456,1455
0.32,-1.44,0.26,1456,1455,1456,1455
0.32,-1.44,0.26,1456,1455,1456,1455
0.32,-1.44,0.26,1456,1455,1456,1455
0.32,-1.44,0.26,1456,1455,1456,1455
0.32,-1.44,0.26,1456,1455,1456,1455
0.33,-1.45,0.27,1456,1455,1456,1455
0.33,-1.45,0.28,1456,1455,1456,1455
0.31,-1.45,0.26,1456,1455,1456,1455
0.31,-1.44,0.26,1456,1455,1456,1455
0.31,-1.44,0.26,1456,1455,1456,1455
0.32,-1.44,0.26,1456,1455,1456,1455
0.32,-1.44,0.26,1456,1455,1456,1455
0.34,-1.44,0.26,1456,1455,1456,1455
0.35,-1.43,0.26,1456,1455,1456,1455
0.35,-1.43,0.26,1456,1455,1456,1455
0.35,-1.43,0.27,1456,1455,1456,1455
0.36,-1.43,0.27,1456,1455,1456,1455
0.35,-1.43,0.26,1456,1455,1456,1455
0.35,-1.43,0.26,1456,1455,1456,1455
0.35,-1.43,0.27,1456,1455,1456,1455
0.35,-1.45,0.27,1456,1455,1456,1455
0.34,-1.45,0.28,1456,1455,1456,1455
0.33,-1.45,0.28,1456,1455,1456,1455
0.32,-1.44,0.28,1456,1455,1456,1455
0.32,-1.44,0.29,1456,1455,1456,1455
0.33,-1.45,0.30,1456,1455,1456,1455
0.34,-1.45,0.30,1456,1455,1456,1455
0.35,-1.45,0.31,1456,1455,1456,1455
0.36,-1.45,0.31,1456,1455,1456,1455
0.37,-1.45,0.31,1456,1455,1456,1455
0.37,-1.45,0.31,1456,1455,1456,1455
0.38,-1.45,0.30,1456,1455,1456,1455
0.37,-1.45,0.29,1456,1455,1456,1455
0.37,-1.43,0.31,1456,1455,1456,1455
0.37,-1.44,0.32,1456,1455,1456,1455
0.37,-1.45,0.31,1456,1455,1456,1455
0.37,-1.45,0.30,1456,1455,1456,1455
0.37,-1.44,0.30,1456,1455,1456,1455
0.37,-1.43,0.30,1456,1455,1456,1455
0.38,-1.44,0.31,1456,1455,1456,1455
0.38,-1.45,0.31,1456,1455,1456,1455
0.38,-1.45,0.31,1456,1455,1456,1455
0.37,-1.43,0.30,1456,1455,1456,1455
0.37,-1.44,0.31,1456,1455,1456,1455
0.37,-1.45,0.31,1448,1447,1448,1447
0.38,-1.46,0.32,1448,1447,1448,1447
0.39,-1.45,0.33,1456,1455,1456,1455
0.39,-1.43,0.31,1456,1455,1456,1455
0.40,-1.43,0.29,1456,1455,1456,1455
0.41,-1.43,0.28,1456,1455,1456,1455
0.42,-1.43,0.29,1456,1455,1456,1455
0.43,-1.43,0.29,1456,1455,1456,1455
0.42,-1.45,0.28,1456,1455,1456,1455
0.40,-1.44,0.27,1456,1455,1456,1455
0.38,-1.43,0.29,1456,1455,1456,1455
0.37,-1.41,0.31,1456,1455,1456,1455
0.38,-1.40,0.31,1456,1455,1456,1455
0.41,-1.43,0.27,1456,1455,1456,1455
0.44,-1.43,0.24,1456,1455,1456,1455
0.45,-1.41,0.25,1456,1455,1456,1455
0.46,-1.40,0.28,1456,1455,1456,1455
0.45,-1.42,0.27,1456,1455,1456,1455
0.43,-1.45,0.26,1456,1455,1456,1455
0.40,-1.47,0.27,1456,1455,1456,1455
0.35,-1.47,0.28,1456,1455,1456,1455
0.29,-1.48,0.27,1464,1463,1464,1463
0.25,-1.46,0.25,1464,1463,1464,1463
0.22,-1.45,0.24,1456,1455,1456,1455
0.23,-1.44,0.23,1456,1455,1456,1455
0.27,-1.43,0.26,1456,1455,1456,1455
0.35,-1.43,0.31,1456,1455,1456,1455
0.44,-1.43,0.33,1456,1455,1456,1455
0.53,-1.43,0.32,1456,1455,1456,1455
0.59,-1.43,0.32,1456,1455,1456,1455
0.62,-1.40,0.34,1456,1455,1456,1455
0.61,-1.40,0.35,1456,1455,1456,1455
0.56,-1.43,0.32,1456,1455,1456,1455
0.48,-1.46,0.31,1456,1455,1456,1455
0.40,-1.47,0.32,1456,1455,1456,1455
0.33,-1.44,0.36,1456,1455,1456,1455
0.31,-1.42,0.37,1456,1455,1456,1455
0.33,-1.42,0.36,1452,1451,1452,1451
0.40,-1.42,0.33,1452,1451,1452,1451
0.51,-1.40,0.35,1456,1455,1456,1455
0.63,-1.40,0.38,1456,1455,1456,1455
0.72,-1.40,0.36,1456,1455,1456,1455
0.77,-1.41,0.33,1456,1455,1456,1455
0.77,-1.41,0.35,1456,1455,1456,1455
0.70,-1.40,0.37,1456,1455,1456,1455
0.61,-1.41,0.40,1456,1455,1456,1455
0.50,-1.43,0.42,1456,1455,1456,1455
0.41,-1.45,0.44,1456,1455,1456,1455
0.36,-1.47,0.46,1456,1455,1456,1455
0.33,-1.48,0.47,1456,1455,1456,1455
0.33,-1.48,0.47,1456,1455,1456,1455
0.37,-1.47,0.48,1456,1455,1456,1455
0.43,-1.46,0.48,1456,1455,1456,1455
0.50,-1.45,0.47,1456,1455,1456,1455
0.57,-1.47,0.48,1456,1455,1456,1455
0.62,-1.47,0.50,1456,1455,1456,1455
0.67,-1.44,0.50,1456,1455,1456,1455
0.71,-1.42,0.47,1456,1455,1456,1455
0.74,-1.43,0.46,1456,1455,1456,1455
0.75,-1.44,0.48,1456,1455,1456,1455
0.76,-1.44,0.50,1456,1455,1456,1455
0.76,-1.43,0.51,1456,1455,1456,1455
0.75,-1.43,0.53,1456,1455,1456,1455
0.74,-1.42,0.57,1456,1455,1456,1455
0.73,-1.42,0.60,1456,1455,1456,1455
0.71,-1.42,0.61,1457,1454,1457,1454
0.68,-1.42,0.63,1457,1454,1457,1454
0.65,-1.44,0.65,1457,1454,1457,1454
0.64,-1.44,0.67,1473,1470,1473,1470
0.64,-1.42,0.67,1457,1454,1457,1454
0.65,-1.41,0.68,1457,1454,1457,1454
0.67,-1.39,0.70,1457,1454,1457,1454
0.70,-1.39,0.72,1457,1454,1457,1454
0.73,-1.39,0.75,1457,1454,1457,1454
0.76,-1.39,0.79,1457,1454,1457,1454
0.79,-1.41,0.81,1457,1454,1457,1454
0.82,-1.45,0.84,1457,1454,1457,1454
0.82,-1.48,0.87,1457,1454,1457,1454
0.82,-1.48,0.88,1457,1454,1457,1454
0.83,-1.47,0.87,1457,1454,1457,1454
0.86,-1.46,0.87,1457,1454,1457,1454
0.90,-1.46,0.87,1457,1454,1457,1454
0.95,-1.48,0.89,1457,1454,1457,1454
1.01,-1.49,0.93,1457,1454,1457,1454
1.10,-1.51,0.97,1457,1454,1457,1454
1.20,-1.54,1.00,1457,1454,1457,1454
1.33,-1.56,1.03,1462,1457,1462,1457
1.47,-1.60,1.06,1462,1457,1462,1457
1.62,-1.60,1.09,1466,1461,1466,1461
1.76,-1.61,1.12,1458,1453,1458,1453
1.90,-1.58,1.17,1458,1453,1458,1453
2.05,-1.57,1.22,1458,1453,1458,1453
2.17,-1.55,1.31,1458,1453,1458,1453
2.29,-1.52,1.44,1454,1449,1454,1449
2.37,-1.51,1.60,1458,1453,1458,1453
2.42,-1.50,1.82,1458,1453,1458,1453
2.45,-1.47,2.09,1458,1453,1458,1453
2.45,-1.42,2.40,1458,1453,1458,1453
2.41,-1.37,2.73,1458,1453,1458,1453
2.38,-1.37,3.05,1458,1453,1458,1453
2.35,-1.37,3.37,1462,1449,1462,1449
2.34,-1.37,3.68,1462,1449,1462,1449
2.34,-1.38,3.97,1462,1449,1462,1449
2.37,-1.38,4.27,1462,1449,1462,1449
2.40,-1.35,4.55,1462,1449,1462,1449
2.44,-1.34,4.84,1462,1449,1462,1449
2.48,-1.34,5.13,1458,1445,1458,1445
2.52,-1.32,5.42,1466,1445,1466,1445
2.54,-1.32,5.73,1466,1445,1466,1445
2.56,-1.32,6.05,1462,1441,1462,1441
2.57,-1.33,6.38,1466,1445,1466,1445
2.58,-1.33,6.73,1466,1445,1466,1445
2.57,-1.32,7.07,1466,1445,1466,1445
2.58,-1.31,7.41,1466,1445,1466,1445
2.59,-1.29,7.74,1471,1440,1471,1440
2.59,-1.27,8.08,1471,1440,1471,1440
2.58,-1.26,8.43,1471,1440,1471,1440
2.56,-1.27,8.78,1471,1440,1471,1440
2.53,-1.30,9.14,1471,1440,1471,1440
2.49,-1.33,9.49,1471,1440,1471,1440
2.45,-1.35,9.83,1471,1440,1471,1440
2.43,-1.35,10.20,1476,1435,1476,1435
2.40,-1.33,10.56,1476,1435,1476,1435
2.40,-1.33,10.93,1476,1435,1476,1435
2.40,-1.32,11.27,1476,1435,1476,1435
2.40,-1.33,11.61,1476,1435,1476,1435
2.40,-1.34,11.94,1476,1435,1476,1435
2.39,-1.35,12.27,1476,1435,1476,1435
2.39,-1.35,12.60,1477,1426,1477,1426
2.38,-1.34,12.93,1477,1426,1477,1426
2.38,-1.31,13.25,1481,1430,1481,1430
2.37,-1.28,13.57,1481,1430,1481,1430
2.37,-1.28,13.87,1481,1430,1481,1430
2.36,-1.29,14.15,1481,1430,1481,1430
2.36,-1.30,14.40,1481,1430,1481,1430
2.34,-1.30,14.65,1485,1426,1485,1426
2.32,-1.29,14.87,1485,1426,1485,1426
2.30,-1.31,15.08,1485,1426,1485,1426
2.27,-1.32,15.27,1493,1434,1493,1434
2.25,-1.32,15.46,1485,1426,1485,1426
2.23,-1.31,15.63,1485,1426,1485,1426
2.21,-1.32,15.78,1485,1426,1485,1426
2.20,-1.32,15.93,1487,1424,1487,1424
2.19,-1.31,16.08,1487,1424,1487,1424
2.18,-1.29,16.22,1487,1424,1487,1424
2.19,-1.27,16.36,1487,1424,1487,1424
2.19,-1.28,16.50,1487,1424,1487,1424
2.19,-1.28,16.64,1479,1416,1479,1416
2.20,-1.28,16.75,1487,1424,1487,1424
2.19,-1.28,16.87,1489,1422,1489,1422
2.19,-1.29,16.98,1489,1422,1489,1422
2.18,-1.29,17.09,1489,1422,1489,1422
2.17,-1.29,17.19,1489,1422,1489,1422
2.15,-1.30,17.27,1489,1422,1489,1422
2.14,-1.29,17.34,1489,1422,1489,1422
2.13,-1.28,17.41,1489,1422,1489,1422
2.11,-1.28,17.50,1490,1421,1490,1421
2.10,-1.27,17.60,1490,1421,1490,1421
2.08,-1.28,17.72,1490,1421,1490,1421
2.06,-1.28,17.84,1490,1421,1490,1421
2.05,-1.29,17.96,1490,1421,1490,1421
2.03,-1.30,18.08,1486,1417,1486,1417
2.02,-1.31,18.19,1486,1417,1486,1417
2.02,-1.31,18.31,1492,1419,1492,1419
2.01,-1.30,18.43,1492,1419,1492,1419
2.00,-1.30,18.54,1492,1419,1492,1419
1.99,-1.29,18.64,1492,1419,1492,1419
1.97,-1.29,18.75,1492,1419,1492,1419
1.95,-1.30,18.86,1492,1419,1492,1419
1.93,-1.31,18.98,1492,1419,1492,1419
1.92,-1.32,19.10,1494,1417,1494,1417
1.90,-1.32,19.21,1494,1417,1494,1417
1.89,-1.31,19.33,1494,1417,1494,1417
1.88,-1.29,19.44,1494,1417,1494,1417
1.88,-1.28,19.56,1494,1417,1494,1417
1.87,-1.26,19.69,1494,1417,1494,1417
1.87,-1.28,19.82,1494,1417,1494,1417
1.85,-1.30,19.95,1495,1416,1495,1416
1.83,-1.31,20.08,1495,1416,1495,1416
1.80,-1.30,20.21,1495,1416,1495,1416
1.77,-1.29,20.34,1495,1416,1495,1416
1.73,-1.29,20.48,1495,1416,1495,1416
1.69,-1.29,20.62,1495,1416,1495,1416
1.64,-1.28,20.76,1495,1416,1495,1416
1.59,-1.28,20.92,1497,1414,1497,1414
1.54,-1.29,21.07,1497,1414,1497,1414
1.50,-1.30,21.24,1497,1414,1497,1414
1.46,-1.32,21.41,1497,1414,1497,1414
1.42,-1.33,21.58,1497,1414,1497,1414
1.39,-1.33,21.74,1497,1414,1497,1414
1.36,-1.33,21.92,1497,1414,1497,1414
1.32,-1.32,22.10,1500,1411,1500,1411
1.29,-1.31,22.30,1500,1411,1500,1411
1.25,-1.30,22.51,1480,1391,1480,1391
1.22,-1.32,22.72,1480,1391,1480,1391
1.19,-1.33,22.93,1504,1415,1504,1415
1.16,-1.34,23.14,1500,1411,1500,1411
1.12,-1.35,23.34,1500,1411,1500,1411
1.08,-1.34,23.53,1503,1408,1503,1408
1.03,-1.32,23.70,1503,1408,1503,1408
0.97,-1.31,23.90,1503,1408,1503,1408
0.93,-1.31,24.09,1503,1408,1503,1408
0.89,-1.34,24.28,1503,1408,1503,1408
0.85,-1.36,24.46,1503,1408,1503,1408
0.81,-1.37,24.63,1503,1408,1503,1408
0.78,-1.38,24.80,1505,1406,1505,1406
0.75,-1.41,24.95,1509,1410,1509,1410
0.70,-1.42,25.09,1505,1406,1505,1406
0.65,-1.41,25.22,1505,1406,1505,1406
0.60,-1.39,25.34,1505,1406,1505,1406
0.55,-1.37,25.45,1505,1406,1505,1406
0.51,-1.37,25.57,1513,1414,1513,1414
0.49,-1.39,25.67,1507,1404,1507,1404
0.47,-1.40,25.78,1507,1404,1507,1404
0.45,-1.41,25.89,1507,1404,1507,1404
0.44,-1.42,26.03,1507,1404,1507,1404
0.42,-1.42,26.17,1507,1404,1507,1404
0.40,-1.43,26.34,1507,1404,1507,1404
0.38,-1.43,26.50,1507,1404,1507,1404
0.35,-1.43,26.67,1509,1402,1509,1402
0.31,-1.44,26.83,1509,1402,1509,1402
0.26,-1.45,26.98,1509,1402,1509,1402
0.24,-1.47,27.16,1509,1402,1509,1402
0.23,-1.50,27.34,1509,1402,1509,1402
0.23,-1.58,27.54,1509,1402,1509,1402
0.21,-1.61,27.74,1505,1398,1505,1398
0.18,-1.60,27.99,1507,1396,1507,1396
0.14,-1.58,28.21,1511,1400,1511,1400
0.11,-1.57,28.45,1511,1400,1511,1400
0.08,-1.58,28.71,1511,1400,1511,1400
0.07,-1.60,28.98,1511,1400,1511,1400
0.10,-1.65,29.25,1511,1400,1511,1400
0.12,-1.79,29.52,1511,1400,1511,1400
0.11,-1.85,29.80,1515,1396,1515,1396
0.09,-1.78,30.10,1515,1396,1515,1396
0.09,-1.74,30.36,1515,1396,1515,1396
0.12,-1.72,30.59,1515,1396,1515,1396
0.14,-1.71,30.81,1515,1396,1515,1396
0.14,-1.67,31.02,1515,1396,1515,1396
0.11,-1.61,31.22,1515,1396,1515,1396
0.08,-1.60,31.40,1518,1393,1518,1393
0.07,-1.63,31.56,1518,1393,1518,1393
0.04,-1.68,31.71,1518,1393,1518,1393
0.00,-1.71,31.84,1518,1393,1518,1393
-0.05,-1.71,31.92,1518,1393,1518,1393
-0.10,-1.72,31.99,1518,1393,1518,1393
-0.16,-1.73,32.02,1518,1393,1518,1393
-0.23,-1.73,32.04,1520,1391,1520,1391
-0.28,-1.73,32.04,1520,1391,1520,1391
-0.30,-1.76,32.06,1520,1391,1520,1391
-0.30,-1.79,32.08,1520,1391,1520,1391
-0.30,-1.80,32.11,1520,1391,1520,1391
-0.29,-1.80,32.14,1520,1391,1520,1391
-0.28,-1.79,32.16,1520,1391,1520,1391
-0.28,-1.78,32.19,1520,1391,1520,1391
-0.28,-1.77,32.22,1520,1391,1520,1391
-0.30,-1.77,32.25,1520,1391,1520,1391
-0.31,-1.77,32.28,1520,1391,1520,1391
-0.32,-1.78,32.31,1520,1391,1520,1391
-0.33,-1.79,32.34,1520,1391,1520,1391
-0.34,-1.78,32.38,1520,1391,1520,1391
-0.36,-1.77,32.43,1520,1391,1520,1391
-0.38,-1.75,32.48,1520,1391,1520,1391
-0.39,-1.73,32.54,1520,1391,1520,1391
-0.37,-1.70,32.60,1520,1391,1520,1391
-0.33,-1.70,32.68,1520,1391,1520,1391
-0.31,-1.69,32.76,1520,1391,1520,1391
-0.30,-1.67,32.82,1520,1391,1520,1391
-0.29,-1.65,32.87,1521,1390,1521,1390
-0.30,-1.64,32.92,1521,1390,1521,1390
-0.32,-1.64,32.96,1521,1390,1521,1390
-0.34,-1.65,33.00,1521,1390,1521,1390
-0.36,-1.68,33.03,1521,1390,1521,1390
-0.39,-1.70,33.06,1517,1386,1517,1386
-0.42,-1.71,33.08,1517,1386,1517,1386
-0.44,-1.72,33.10,1522,1389,1522,1389
-0.46,-1.74,33.11,1522,1389,1522,1389
-0.47,-1.74,33.13,1522,1389,1522,1389
-0.48,-1.75,33.13,1522,1389,1522,1389
-0.48,-1.75,33.15,1522,1389,1522,1389
-0.48,-1.75,33.17,1522,1389,1522,1389
-0.48,-1.76,33.18,1522,1389,1522,1389
-0.49,-1.76,33.21,1522,1389,1522,1389
-0.50,-1.76,33.23,1522,1389,1522,1389
-0.51,-1.77,33.25,1522,1389,1522,1389
-0.53,-1.77,33.26,1522,1389,1522,1389
-0.55,-1.77,33.28,1522,1389,1522,1389
-0.57,-1.77,33.30,1522,1389,1522,1389
-0.58,-1.77,33.34,1522,1389,1522,1389
-0.58,-1.77,33.39,1518,1385,1518,1385
-0.58,-1.77,33.44,1518,1385,1518,1385
-0.58,-1.76,33.50,1522,1389,1522,1389
-0.59,-1.75,33.55,1522,1389,1522,1389
-0.58,-1.73,33.60,1522,1389,1522,1389
-0.58,-1.72,33.66,1522,1389,1522,1389
-0.57,-1.74,33.72,1522,1389,1522,1389
-0.59,-1.74,33.80,1523,1388,1523,1388
-0.62,-1.74,33.88,1523,1388,1523,1388
-0.64,-1.75,33.96,1523,1388,1523,1388
-0.66,-1.76,34.04,1523,1388,1523,1388
-0.68,-1.77,34.10,1523,1388,1523,1388
-0.69,-1.78,34.17,1523,1388,1523,1388
-0.70,-1.78,34.22,1523,1388,1523,1388
-0.70,-1.77,34.28,1524,1387,1524,1387
-0.70,-1.77,34.33,1524,1387,1524,1387
-0.72,-1.76,34.38,1536,1399,1536,1399
-0.73,-1.73,34.43,1524,1387,1524,1387
-0.73,-1.71,34.47,1524,1387,1524,1387
-0.72,-1.71,34.54,1524,1387,1524,1387
-0.71,-1.72,34.61,1524,1387,1524,1387
-0.73,-1.73,34.67,1521,1382,1521,1382
-0.74,-1.72,34.72,1525,1386,1525,1386
-0.76,-1.73,34.77,1525,1386,1525,1386
-0.78,-1.75,34.81,1525,1386,1525,1386
-0.81,-1.76,34.85,1525,1386,1525,1386
-0.84,-1.77,34.90,1525,1386,1525,1386
-0.86,-1.78,34.95,1525,1386,1525,1386
-0.88,-1.79,35.01,1526,1385,1526,1385
-0.89,-1.79,35.08,1510,1369,1510,1369
-0.89,-1.77,35.14,1526,1385,1526,1385
-0.90,-1.76,35.22,1526,1385,1526,1385
-0.90,-1.74,35.31,1526,1385,1526,1385
-0.89,-1.72,35.40,1526,1385,1526,1385
-0.88,-1.71,35.49,1526,1385,1526,1385
-0.87,-1.71,35.60,1527,1384,1527,1384
-0.88,-1.72,35.71,1527,1384,1527,1384
-0.92,-1.73,35.81,1527,1384,1527,1384
-0.95,-1.73,35.91,1527,1384,1527,1384
-0.98,-1.75,36.00,1527,1384,1527,1384
-1.01,-1.77,36.09,1527,1384,1527,1384
-1.04,-1.78,36.17,1527,1384,1527,1384
-1.07,-1.76,36.26,1528,1383,1528,1383
-1.10,-1.75,36.36,1528,1383,1528,1383
-1.14,-1.72,36.47,1528,1383,1528,1383
-1.15,-1.66,36.59,1528,1383,1528,1383
-1.12,-1.62,36.71,1528,1383,1528,1383
-1.08,-1.64,36.85,1528,1383,1528,1383
-1.05,-1.65,36.99,1528,1383,1528,1383
-1.09,-1.61,37.12,1530,1381,1530,1381
-1.13,-1.57,37.24,1530,1381,1530,1381
-1.20,-1.55,37.37,1530,1381,1530,1381
-1.25,-1.56,37.49,1530,1381,1530,1381
-1.30,-1.59,37.60,1530,1381,1530,1381
-1.36,-1.62,37.73,1530,1381,1530,1381
-1.42,-1.64,37.85,1530,1381,1530,1381
-1.50,-1.66,37.97,1531,1380,1531,1380
-1.58,-1.69,38.07,1531,1380,1531,1380
-1.68,-1.72,38.16,1531,1380,1531,1380
-1.78,-1.74,38.22,1531,1380,1531,1380
-1.86,-1.77,38.28,1531,1380,1531,1380
-1.93,-1.81,38.34,1531,1380,1531,1380
-1.99,-1.84,38.40,1531,1380,1531,1380
-2.04,-1.87,38.47,1532,1379,1532,1379
-2.07,-1.87,38.55,1528,1375,1528,1375
-2.12,-1.86,38.62,1532,1379,1532,1379
-2.18,-1.85,38.68,1532,1379,1532,1379
-2.23,-1.84,38.74,1532,1379,1532,1379
-2.29,-1.83,38.79,1532,1379,1532,1379
-2.34,-1.81,38.81,1532,1379,1532,1379
-2.38,-1.80,38.82,1533,1378,1533,1378
-2.38,-1.81,38.80,1533,1378,1533,1378
-2.37,-1.83,38.78,1533,1378,1533,1378
-2.36,-1.83,38.76,1533,1378,1533,1378
-2.33,-1.82,38.73,1533,1378,1533,1378
-2.29,-1.81,38.71,1533,1378,1533,1378
-2.24,-1.79,38.67,1533,1378,1533,1378
-2.21,-1.77,38.64,1533,1378,1533,1378
-2.18,-1.74,38.58,1533,1378,1533,1378
-2.15,-1.72,38.53,1533,1378,1533,1378
-2.12,-1.70,38.47,1533,1378,1533,1378
-2.09,-1.68,38.42,1533,1378,1533,1378
-2.06,-1.66,38.37,1533,1378,1533,1378
-2.02,-1.65,38.32,1533,1378,1533,1378
-1.97,-1.64,38.27,1532,1379,1532,1379
-1.94,-1.62,38.22,1532,1379,1532,1379
-1.90,-1.60,38.16,1528,1375,1528,1375
-1.87,-1.57,38.10,1528,1375,1528,1375
-1.84,-1.56,38.04,1532,1379,1532,1379
-1.81,-1.53,37.97,1532,1379,1532,1379
-1.78,-1.51,37.91,1532,1379,1532,1379
-1.75,-1.49,37.86,1531,1380,1531,1380
-1.73,-1.49,37.82,1531,1380,1531,1380
-1.73,-1.48,37.77,1531,1380,1531,1380
-1.73,-1.47,37.72,1531,1380,1531,1380
-1.71,-1.47,37.69,1531,1380,1531,1380
-1.70,-1.47,37.64,1531,1380,1531,1380
-1.67,-1.46,37.59,1531,1380,1531,1380
-1.65,-1.45,37.54,1531,1380,1531,1380
-1.61,-1.43,37.49,1531,1380,1531,1380
-1.57,-1.41,37.45,1531,1380,1531,1380
-1.53,-1.39,37.41,1531,1380,1531,1380
-1.49,-1.37,37.38,1531,1380,1531,1380
-1.44,-1.35,37.35,1531,1380,1531,1380
-1.40,-1.33,37.33,1531,1380,1531,1380
-1.37,-1.32,37.28,1522,1373,1522,1373
-1.36,-1.31,37.22,1530,1381,1530,1381
-1.38,-1.31,37.15,1530,1381,1530,1381
-1.37,-1.31,37.07,1530,1381,1530,1381
-1.36,-1.32,36.99,1530,1381,1530,1381
-1.32,-1.33,36.92,1530,1381,1530,1381
-1.26,-1.33,36.85,1530,1381,1530,1381
-1.21,-1.32,36.79,1529,1382,1529,1382
-1.14,-1.31,36.73,1529,1382,1529,1382
-1.06,-1.31,36.65,1529,1382,1529,1382
-0.87,-1.37,36.63,1529,1382,1529,1382
-0.58,-1.50,36.61,1529,1382,1529,1382
-0.28,-1.66,36.51,1525,1378,1525,1378
-0.04,-1.82,36.37,1529,1382,1529,1382
0.07,-1.90,36.15,1528,1383,1528,1383
0.04,-1.88,35.89,1528,1383,1528,1383
-0.09,-1.83,35.60,1528,1383,1528,1383
-0.22,-1.83,35.32,1528,1383,1528,1383
-0.26,-1.92,35.05,1512,1367,1512,1367
-0.25,-2.04,34.82,1524,1379,1524,1379
-0.23,-2.13,34.60,1524,1379,1524,1379
-0.22,-2.12,34.39,1524,1387,1524,1387
-0.22,-2.04,34.17,1524,1387,1524,1387
-0.21,-2.00,33.94,1524,1387,1524,1387
-0.18,-1.97,33.72,1524,1387,1524,1387
-0.13,-1.93,33.50,1524,1387,1524,1387
-0.08,-1.89,33.29,1524,1387,1524,1387
-0.02,-1.87,33.08,1524,1387,1524,1387
0.04,-1.84,32.88,1521,1390,1521,1390
0.07,-1.79,32.67,1521,1390,1521,1390
0.09,-1.75,32.46,1521,1390,1521,1390
0.12,-1.73,32.24,1521,1390,1521,1390
0.12,-1.71,32.03,1521,1390,1521,1390
0.13,-1.70,31.83,1521,1390,1521,1390
0.14,-1.70,31.64,1521,1390,1521,1390
0.14,-1.70,31.45,1518,1393,1518,1393
0.16,-1.69,31.28,1518,1393,1518,1393
0.18,-1.68,31.11,1518,1393,1518,1393
0.20,-1.65,30.95,1518,1393,1518,1393
0.23,-1.63,30.77,1518,1393,1518,1393
0.28,-1.59,30.60,1518,1393,1518,1393
0.33,-1.57,30.41,1518,1393,1518,1393
0.38,-1.55,30.22,1524,1403,1524,1403
0.42,-1.53,30.03,1516,1395,1516,1395
0.46,-1.52,29.84,1516,1395,1516,1395
0.49,-1.49,29.64,1516,1395,1516,1395
0.51,-1.47,29.43,1516,1395,1516,1395
0.54,-1.45,29.21,1516,1395,1516,1395
0.57,-1.44,28.98,1516,1395,1516,1395
0.60,-1.44,28.76,1513,1398,1513,1398
0.62,-1.43,28.55,1513,1398,1513,1398
0.65,-1.43,28.36,1505,1390,1505,1390
0.67,-1.42,28.18,1505,1390,1505,1390
0.68,-1.41,27.98,1513,1398,1513,1398
0.71,-1.39,27.79,1513,1398,1513,1398
0.72,-1.38,27.59,1513,1398,1513,1398
0.75,-1.38,27.37,1510,1401,1510,1401
0.77,-1.38,27.15,1510,1401,1510,1401
0.79,-1.38,26.93,1494,1385,1494,1385
0.81,-1.37,26.69,1510,1401,1510,1401
0.83,-1.36,26.46,1510,1401,1510,1401
0.84,-1.35,26.24,1506,1397,1506,1397
0.85,-1.34,26.03,1510,1401,1510,1401
0.85,-1.34,25.82,1507,1404,1507,1404
0.85,-1.34,25.64,1507,1404,1507,1404
0.85,-1.35,25.48,1507,1404,1507,1404
0.85,-1.35,25.32,1507,1404,1507,1404
0.85,-1.34,25.18,1519,1416,1519,1416
0.86,-1.32,25.03,1519,1416,1519,1416
0.88,-1.31,24.87,1507,1404,1507,1404
0.90,-1.31,24.71,1505,1406,1505,1406
0.92,-1.31,24.55,1505,1406,1505,1406
0.94,-1.30,24.41,1505,1406,1505,1406
0.96,-1.29,24.29,1505,1406,1505,1406
0.98,-1.29,24.18,1505,1406,1505,1406
1.01,-1.28,24.10,1505,1406,1505,1406
1.05,-1.26,24.01,1505,1406,1505,1406
1.08,-1.26,23.93,1503,1408,1503,1408
1.13,-1.23,23.83,1503,1408,1503,1408
1.18,-1.21,23.72,1503,1408,1503,1408
1.24,-1.18,23.61,1507,1412,1507,1412
1.28,-1.16,23.49,1503,1408,1503,1408
1.34,-1.15,23.36,1503,1408,1503,1408
1.39,-1.16,23.21,1503,1408,1503,1408
1.42,-1.17,23.06,1502,1409,1502,1409
1.45,-1.19,22.89,1502,1409,1502,1409
1.46,-1.18,22.74,1502,1409,1502,1409
1.44,-1.17,22.58,1502,1409,1502,1409
1.43,-1.16,22.42,1502,1409,1502,1409
1.41,-1.15,22.25,1502,1409,1502,1409
1.39,-1.15,22.06,1502,1409,1502,1409
1.38,-1.16,21.87,1499,1412,1499,1412
1.38,-1.19,21.68,1499,1412,1499,1412
1.38,-1.22,21.49,1499,1412,1499,1412
1.39,-1.23,21.30,1487,1400,1487,1400
1.40,-1.23,21.12,1487,1400,1487,1400
1.41,-1.21,20.94,1495,1408,1495,1408
1.43,-1.20,20.76,1499,1412,1499,1412
1.45,-1.18,20.59,1497,1414,1497,1414
1.49,-1.18,20.42,1497,1414,1497,1414
1.51,-1.17,20.27,1497,1414,1497,1414
1.54,-1.18,20.13,1497,1414,1497,1414
1.58,-1.19,19.99,1497,1414,1497,1414
1.60,-1.19,19.83,1497,1414,1497,1414
1.64,-1.20,19.67,1497,1414,1497,1414
1.67,-1.19,19.50,1494,1417,1494,1417
1.69,-1.18,19.31,1494,1417,1494,1417
1.72,-1.17,19.14,1494,1417,1494,1417
1.73,-1.15,18.96,1494,1417,1494,1417
1.73,-1.14,18.79,1494,1417,1494,1417
1.74,-1.13,18.62,1494,1417,1494,1417
1.74,-1.13,18.45,1494,1417,1494,1417
1.74,-1.13,18.29,1492,1419,1492,1419
1.76,-1.14,18.13,1484,1411,1484,1411
1.78,-1.13,17.97,1492,1419,1492,1419
1.81,-1.14,17.81,1492,1419,1492,1419
1.85,-1.14,17.64,1492,1419,1492,1419
1.90,-1.14,17.47,1488,1415,1488,1415
1.94,-1.13,17.28,1488,1415,1488,1415
1.98,-1.14,17.08,1490,1421,1490,1421
2.03,-1.13,16.86,1490,1421,1490,1421
2.06,-1.13,16.64,1490,1421,1490,1421
2.09,-1.13,16.41,1490,1421,1490,1421
2.09,-1.13,16.19,1490,1421,1490,1421
2.10,-1.14,15.96,1490,1421,1490,1421
2.09,-1.15,15.74,1486,1417,1486,1417
2.09,-1.17,15.51,1487,1424,1487,1424
2.07,-1.17,15.29,1487,1424,1487,1424
2.05,-1.18,15.08,1487,1424,1487,1424
2.04,-1.20,14.87,1487,1424,1487,1424
2.02,-1.21,14.66,1487,1424,1487,1424
2.01,-1.21,14.47,1487,1424,1487,1424
2.00,-1.20,14.27,1487,1424,1487,1424
2.01,-1.18,14.09,1484,1427,1484,1427
2.02,-1.17,13.94,1484,1427,1484,1427
2.04,-1.17,13.82,1484,1427,1484,1427
2.07,-1.17,13.72,1484,1427,1484,1427
2.10,-1.19,13.61,1484,1427,1484,1427
2.14,-1.21,13.50,1484,1427,1484,1427
2.19,-1.22,13.37,1480,1423,1480,1423
2.24,-1.22,13.22,1482,1429,1482,1429
2.29,-1.21,13.06,1486,1433,1486,1433
2.33,-1.20,12.90,1482,1429,1482,1429
2.37,-1.19,12.73,1482,1429,1482,1429
2.39,-1.19,12.56,1482,1429,1482,1429
2.40,-1.19,12.39,1482,1429,1482,1429
2.41,-1.19,12.21,1482,1429,1482,1429
2.42,-1.19,12.03,1480,1431,1480,1431
2.43,-1.20,11.84,1480,1431,1480,1431
2.43,-1.20,11.66,1480,1431,1480,1431
2.43,-1.20,11.46,1480,1431,1480,1431
2.44,-1.21,11.26,1480,1431,1480,1431
2.44,-1.22,11.06,1480,1431,1480,1431
2.44,-1.22,10.86,1476,1427,1476,1427
2.44,-1.22,10.66,1473,1430,1473,1430
2.44,-1.23,10.48,1477,1434,1477,1434
2.45,-1.23,10.29,1477,1434,1477,1434
2.44,-1.23,10.12,1477,1434,1477,1434
2.45,-1.23,9.94,1477,1434,1477,1434
2.45,-1.24,9.77,1477,1434,1477,1434
2.46,-1.26,9.60,1477,1434,1477,1434
2.47,-1.28,9.42,1466,1429,1466,1429
2.47,-1.30,9.24,1474,1437,1474,1437
2.48,-1.31,9.05,1474,1437,1474,1437
2.47,-1.31,8.86,1462,1425,1462,1425
2.46,-1.30,8.69,1462,1425,1462,1425
2.44,-1.29,8.51,1474,1437,1474,1437
2.41,-1.29,8.33,1474,1437,1474,1437
2.39,-1.30,8.16,1472,1439,1472,1439
2.37,-1.32,7.99,1472,1439,1472,1439
2.36,-1.33,7.84,1472,1439,1472,1439
2.35,-1.35,7.69,1476,1443,1476,1443
2.37,-1.36,7.53,1472,1439,1472,1439
2.40,-1.35,7.37,1472,1439,1472,1439
2.44,-1.35,7.21,1472,1439,1472,1439
2.49,-1.36,7.05,1470,1441,1470,1441
2.55,-1.38,6.90,1470,1441,1470,1441
2.60,-1.39,6.75,1470,1441,1470,1441
2.66,-1.40,6.60,1470,1441,1470,1441
2.72,-1.40,6.46,1470,1441,1470,1441
2.76,-1.40,6.31,1470,1441,1470,1441
2.80,-1.41,6.17,1470,1441,1470,1441
2.81,-1.41,6.04,1468,1443,1468,1443
2.81,-1.40,5.91,1468,1443,1468,1443
2.79,-1.41,5.78,1468,1443,1468,1443
2.78,-1.41,5.65,1468,1443,1468,1443
2.76,-1.42,5.53,1468,1443,1468,1443
2.73,-1.43,5.41,1468,1443,1468,1443
2.71,-1.44,5.30,1468,1443,1468,1443
2.70,-1.45,5.17,1466,1445,1466,1445
2.70,-1.46,5.04,1466,1445,1466,1445
2.71,-1.47,4.91,1466,1445,1466,1445
2.73,-1.48,4.78,1466,1445,1466,1445
2.76,-1.49,4.64,1466,1445,1466,1445
2.78,-1.50,4.51,1466,1445,1466,1445
2.80,-1.50,4.38,1466,1445,1466,1445
2.82,-1.51,4.27,1464,1447,1464,1447
2.83,-1.51,4.16,1464,1447,1464,1447
2.84,-1.52,4.05,1464,1447,1464,1447
2.84,-1.52,3.94,1464,1447,1464,1447
2.86,-1.52,3.83,1464,1447,1464,1447
2.87,-1.52,3.71,1464,1447,1464,1447
2.89,-1.53,3.59,1464,1447,1464,1447
2.89,-1.55,3.46,1462,1449,1462,1449
2.90,-1.57,3.34,1462,1449,1462,1449
2.90,-1.58,3.23,1462,1449,1462,1449
2.91,-1.59,3.13,1462,1449,1462,1449
2.91,-1.59,3.01,1462,1449,1462,1449
2.94,-1.52,2.77,1462,1449,1462,1449
3.05,-1.38,2.47,1462,1449,1462,1449
3.20,-1.33,2.09,1460,1451,1460,1451
3.38,-1.35,1.67,1460,1451,1460,1451
3.58,-1.37,1.24,1460,1451,1460,1451
3.81,-1.40,0.75,1460,1451,1460,1451
4.03,-1.38,0.24,1456,1447,1456,1447
4.25,-1.23,0.07,1460,1451,1460,1451
4.44,-1.21,0.28,1460,1451,1460,1451
4.63,-1.34,0.43,1456,1455,1456,1455
4.80,-1.38,0.39,1456,1455,1456,1455
4.91,-1.22,0.28,1456,1455,1456,1455
4.96,-1.09,0.17,1456,1455,1456,1455
5.00,-1.10,0.20,1452,1451,1452,1451
5.00,-1.20,0.30,1456,1455,1456,1455
4.96,-1.21,0.39,1456,1455,1456,1455
4.90,-1.19,0.37,1456,1455,1456,1455
4.84,-1.20,0.32,1456,1455,1456,1455
4.79,-1.20,0.34,1456,1455,1456,1455
4.76,-1.22,0.37,1456,1455,1456,1455
4.75,-1.25,0.38,1456,1455,1456,1455
4.76,-1.24,0.37,1456,1455,1456,1455
4.79,-1.22,0.34,1456,1455,1456,1455
4.82,-1.23,0.31,1456,1455,1456,1455
4.84,-1.23,0.31,1456,1455,1456,1455
4.88,-1.21,0.30,1456,1455,1456,1455
4.91,-1.21,0.28,1456,1455,1456,1455
4.93,-1.23,0.28,1456,1455,1456,1455
4.94,-1.23,0.28,1456,1455,1456,1455
4.93,-1.24,0.26,1456,1455,1456,1455
4.89,-1.25,0.25,1456,1455,1456,1455
4.85,-1.25,0.24,1456,1455,1456,1455
4.80,-1.26,0.22,1456,1455,1456,1455
4.75,-1.27,0.21,1468,1467,1468,1467
4.72,-1.27,0.19,1456,1455,1456,1455
4.69,-1.27,0.17,1456,1455,1456,1455
4.67,-1.29,0.16,1456,1455,1456,1455
4.66,-1.30,0.16,1456,1455,1456,1455
4.66,-1.30,0.14,1456,1455,1456,1455
4.65,-1.30,0.13,1456,1455,1456,1455
4.65,-1.30,0.13,1456,1455,1456,1455
4.64,-1.30,0.12,1456,1455,1456,1455
4.64,-1.31,0.09,1452,1451,1452,1451
4.64,-1.29,0.05,1452,1451,1452,1451
4.66,-1.26,0.05,1456,1455,1456,1455
4.69,-1.26,0.08,1460,1459,1460,1459
4.72,-1.28,0.09,1456,1455,1456,1455
4.76,-1.30,0.07,1456,1455,1456,1455
4.77,-1.29,0.03,1456,1455,1456,1455
4.76,-1.29,0.03,1456,1455,1456,1455
4.74,-1.30,0.07,1456,1455,1456,1455
4.69,-1.32,0.11,1456,1455,1456,1455
4.63,-1.33,0.11,1456,1455,1456,1455
4.58,-1.33,0.09,1456,1455,1456,1455
4.55,-1.31,0.07,1456,1455,1456,1455
4.54,-1.31,0.09,1456,1455,1456,1455
4.56,-1.33,0.11,1456,1455,1456,1455
4.58,-1.33,0.11,1456,1455,1456,1455
4.60,-1.34,0.11,1456,1455,1456,1455
4.61,-1.33,0.10,1456,1455,1456,1455
4.63,-1.31,0.11,1452,1451,1452,1451
4.63,-1.30,0.13,1456,1455,1456,1455
4.65,-1.32,0.14,1456,1455,1456,1455
4.65,-1.33,0.13,1456,1455,1456,1455
4.66,-1.32,0.13,1456,1455,1456,1455
4.67,-1.32,0.13,1460,1459,1460,1459
4.66,-1.32,0.13,1456,1455,1456,1455
4.66,-1.34,0.15,1456,1455,1456,1455
4.65,-1.34,0.15,1456,1455,1456,1455
4.65,-1.33,0.14,1456,1455,1456,1455
4.65,-1.34,0.15,1456,1455,1456,1455
4.65,-1.35,0.15,1456,1455,1456,1455
4.65,-1.34,0.15,1456,1455,1456,1455
4.65,-1.34,0.17,1456,1455,1456,1455
4.66,-1.34,0.16,1452,1451,1452,1451
4.66,-1.35,0.15,1452,1451,1452,1451
4.67,-1.35,0.16,1456,1455,1456,1455
4.67,-1.34,0.17,1456,1455,1456,1455
4.66,-1.35,0.17,1456,1455,1456,1455
4.66,-1.36,0.17,1464,1463,1464,1463
4.65,-1.36,0.17,1464,1463,1464,1463
4.65,-1.35,0.17,1456,1455,1456,1455
4.65,-1.36,0.18,1456,1455,1456,1455
4.66,-1.36,0.18,1456,1455,1456,1455
4.66,-1.36,0.18,1456,1455,1456,1455
4.67,-1.36,0.18,1456,1455,1456,1455
4.67,-1.36,0.19,1456,1455,1456,1455
4.67,-1.36,0.19,1456,1455,1456,1455
4.67,-1.37,0.19,1456,1455,1456,1455
4.67,-1.37,0.20,1456,1455,1456,1455
4.67,-1.37,0.20,1456,1455,1456,1455
4.66,-1.38,0.20,1456,1455,1456,1455
4.66,-1.38,0.21,1456,1455,1456,1455
4.66,-1.38,0.21,1464,1463,1464,1463
4.67,-1.38,0.21,1456,1455,1456,1455
4.67,-1.38,0.21,1456,1455,1456,1455
4.68,-1.39,0.22,1456,1455,1456,1455
4.67,-1.38,0.22,1456,1455,1456,1455
4.67,-1.39,0.22,1456,1455,1456,1455
4.67,-1.39,0.22,1456,1455,1456,1455
4.67,-1.39,0.22,1456,1455,1456,1455
4.67,-1.40,0.23,1456,1455,1456,1455
4.67,-1.40,0.23,1456,1455,1456,1455
4.68,-1.40,0.23,1456,1455,1456,1455
4.67,-1.40,0.23,1456,1455,1456,1455
4.66,-1.40,0.25,1456,1455,1456,1455
4.64,-1.42,0.25,1456,1455,1456,1455
4.62,-1.42,0.25,1456,1455,1456,1455
4.60,-1.43,0.25,1456,1455,1456,1455
4.59,-1.42,0.24,1456,1455,1456,1455
4.59,-1.41,0.24,1456,1455,1456,1455
4.61,-1.41,0.25,1452,1451,1452,1451
4.64,-1.41,0.25,1452,1451,1452,1451
4.68,-1.40,0.24,1456,1455,1456,1455
4.71,-1.40,0.24,1456,1455,1456,1455
4.73,-1.42,0.25,1456,1455,1456,1455
4.73,-1.42,0.26,1456,1455,1456,1455
4.71,-1.42,0.27,1456,1455,1456,1455
4.68,-1.42,0.26,1456,1455,1456,1455
4.65,-1.42,0.25,1456,1455,1456,1455
4.63,-1.43,0.26,1456,1455,1456,1455
4.61,-1.44,0.27,1456,1455,1456,1455
4.60,-1.44,0.27,1456,1455,1456,1455
4.61,-1.43,0.26,1456,1455,1456,1455
4.63,-1.42,0.25,1456,1455,1456,1455
4.65,-1.42,0.26,1456,1455,1456,1455
4.68,-1.42,0.27,1456,1455,1456,1455
4.68,-1.42,0.27,1456,1455,1456,1455
4.67,-1.42,0.26,1456,1455,1456,1455
4.65,-1.42,0.25,1456,1455,1456,1455
4.63,-1.42,0.26,1456,1455,1456,1455
4.63,-1.42,0.27,1456,1455,1456,1455
4.63,-1.44,0.28,1456,1455,1456,1455
4.64,-1.44,0.29,1456,1455,1456,1455
4.66,-1.43,0.29,1456,1455,1456,1455
4.66,-1.42,0.28,1456,1455,1456,1455
4.65,-1.43,0.28,1456,1455,1456,1455
4.65,-1.44,0.28,1456,1455,1456,1455
4.63,-1.44,0.29,1456,1455,1456,1455
4.61,-1.44,0.28,1456,1455,1456,1455
4.61,-1.44,0.27,1456,1455,1456,1455
4.61,-1.43,0.27,1456,1455,1456,1455
4.63,-1.44,0.28,1456,1455,1456,1455
4.65,-1.44,0.29,1456,1455,1456,1455
4.67,-1.44,0.29,1456,1455,1456,1455
4.67,-1.44,0.29,1456,1455,1456,1455
4.66,-1.44,0.28,1456,1455,1456,1455
4.65,-1.43,0.28,1456,1455,1456,1455
4.64,-1.43,0.28,1456,1455,1456,1455
4.64,-1.44,0.29,1448,1447,1448,1447
4.65,-1.44,0.29,1448,1447,1448,1447
4.65,-1.43,0.30,1452,1451,1452,1451
4.66,-1.42,0.30,1456,1455,1456,1455
4.65,-1.43,0.30,1456,1455,1456,1455
4.64,-1.43,0.30,1456,1455,1456,1455
4.64,-1.44,0.30,1456,1455,1456,1455
4.64,-1.44,0.30,1456,1455,1456,1455
4.65,-1.43,0.30,1456,1455,1456,1455
4.66,-1.42,0.30,1456,1455,1456,1455
4.68,-1.42,0.30,1456,1455,1456,1455
4.69,-1.43,0.30,1456,1455,1456,1455
4.70,-1.44,0.30,1456,1455,1456,1455
4.71,-1.44,0.30,1456,1455,1456,1455
4.73,-1.45,0.29,1456,1455,1456,1455
4.75,-1.46,0.28,1456,1455,1456,1455
4.81,-1.47,0.28,1456,1455,1456,1455
4.89,-1.48,0.28,1456,1455,1456,1455
5.00,-1.48,0.28,1456,1455,1456,1455
5.14,-1.51,0.28,1456,1455,1456,1455
5.29,-1.55,0.32,1456,1455,1456,1455
5.45,-1.59,0.36,1456,1455,1456,1455
5.60,-1.62,0.38,1456,1455,1456,1455
5.72,-1.66,0.38,1456,1455,1456,1455
5.83,-1.71,0.40,1456,1455,1456,1455
5.91,-1.79,0.41,1456,1455,1456,1455
5.99,-1.91,0.44,1456,1455,1456,1455
6.07,-2.09,0.45,1456,1455,1456,1455
6.17,-2.32,0.48,1456,1455,1456,1455
6.28,-2.59,0.53,1456,1455,1456,1455
6.41,-2.90,0.55,1456,1455,1456,1455
6.55,-3.23,0.57,1452,1451,1452,1451
6.71,-3.59,0.56,1456,1455,1456,1455
6.87,-3.98,0.53,1456,1455,1456,1455
7.02,-4.40,0.49,1456,1455,1456,1455
7.19,-4.84,0.46,1456,1455,1456,1455
7.35,-5.29,0.44,1456,1455,1456,1455
7.52,-5.78,0.41,1452,1451,1452,1451
7.70,-6.30,0.39,1452,1451,1452,1451
7.90,-6.82,0.39,1456,1455,1456,1455
8.10,-7.33,0.41,1456,1455,1456,1455
8.29,-7.83,0.43,1456,1455,1456,1455
8.45,-8.28,0.47,1464,1463,1464,1463
8.60,-8.69,0.51,1456,1455,1456,1455
8.72,-9.05,0.55,1456,1455,1456,1455
8.82,-9.40,0.57,1456,1455,1456,1455
8.93,-9.71,0.57,1456,1455,1456,1455
9.04,-10.01,0.56,1456,1455,1456,1455
9.17,-10.27,0.55,1456,1455,1456,1455
9.32,-10.52,0.54,1457,1454,1457,1454
9.45,-10.77,0.53,1457,1454,1457,1454
9.57,-11.03,0.52,1457,1454,1457,1454
9.69,-11.29,0.52,1457,1454,1457,1454
9.79,-11.57,0.52,1457,1454,1457,1454
9.90,-11.85,0.53,1465,1462,1465,1462
10.01,-12.17,0.55,1465,1462,1465,1462
10.12,-12.48,0.60,1457,1454,1457,1454
10.22,-12.81,0.65,1457,1454,1457,1454
10.31,-13.12,0.69,1457,1454,1457,1454
10.40,-13.44,0.71,1457,1454,1457,1454
10.48,-13.77,0.72,1457,1454,1457,1454
10.56,-14.09,0.73,1457,1454,1457,1454
10.65,-14.38,0.74,1457,1454,1457,1454
10.75,-14.67,0.76,1457,1454,1457,1454
10.84,-14.93,0.80,1457,1454,1457,1454
10.93,-15.20,0.84,1457,1454,1457,1454
11.04,-15.45,0.87,1457,1454,1457,1454
11.15,-15.72,0.91,1449,1446,1449,1446
11.27,-16.00,0.95,1457,1454,1457,1454
11.40,-16.28,1.01,1457,1454,1457,1454
11.53,-16.56,1.06,1458,1453,1458,1453
11.67,-16.84,1.11,1458,1453,1458,1453
11.81,-17.08,1.17,1466,1461,1466,1461
11.95,-17.30,1.23,1458,1453,1458,1453
12.09,-17.53,1.27,1458,1453,1458,1453
12.23,-17.75,1.33,1450,1445,1450,1445
12.39,-17.93,1.39,1450,1445,1450,1445
12.55,-18.10,1.45,1458,1453,1458,1453
12.73,-18.25,1.52,1458,1453,1458,1453
12.89,-18.42,1.58,1458,1453,1458,1453
13.05,-18.58,1.63,1458,1453,1458,1453
13.20,-18.76,1.68,1458,1453,1458,1453
13.33,-18.97,1.72,1458,1453,1458,1453
13.45,-19.18,1.78,1458,1453,1458,1453
13.56,-19.41,1.85,1459,1452,1459,1452
13.68,-19.63,1.93,1459,1452,1459,1452
13.80,-19.86,2.00,1443,1436,1443,1436
13.92,-20.09,2.08,1443,1436,1443,1436
14.04,-20.31,2.16,1467,1460,1467,1460
14.16,-20.54,2.24,1459,1452,1459,1452
14.28,-20.78,2.30,1459,1452,1459,1452
14.39,-21.00,2.38,1460,1451,1460,1451
14.53,-21.21,2.46,1460,1451,1460,1451
14.68,-21.42,2.53,1460,1451,1460,1451
14.83,-21.64,2.60,1460,1451,1460,1451
14.98,-21.87,2.67,1460,1451,1460,1451
15.14,-22.12,2.74,1460,1451,1460,1451
15.29,-22.38,2.81,1460,1451,1460,1451
15.43,-22.62,2.89,1461,1450,1461,1450
15.56,-22.87,2.95,1461,1450,1461,1450
15.68,-23.11,3.00,1461,1450,1461,1450
15.80,-23.34,3.07,1461,1450,1461,1450
15.92,-23.58,3.16,1461,1450,1461,1450
16.05,-23.81,3.25,1461,1450,1461,1450
16.18,-24.04,3.34,1461,1450,1461,1450
16.31,-24.23,3.42,1462,1449,1462,1449
16.44,-24.42,3.50,1462,1449,1462,1449
16.56,-24.61,3.56,1462,1449,1462,1449
16.69,-24.78,3.63,1462,1449,1462,1449
16.82,-24.95,3.68,1462,1449,1462,1449
16.95,-25.12,3.75,1462,1449,1462,1449
17.09,-25.29,3.81,1462,1449,1462,1449
17.22,-25.47,3.88,1463,1448,1463,1448
17.35,-25.64,3.95,1463,1448,1463,1448
17.49,-25.80,4.03,1463,1448,1463,1448
17.64,-25.98,4.11,1455,1440,1455,1440
17.77,-26.15,4.19,1463,1448,1463,1448
17.90,-26.33,4.26,1463,1448,1463,1448
18.04,-26.52,4.33,1463,1448,1463,1448
18.16,-26.71,4.40,1464,1447,1464,1447
18.30,-26.89,4.48,1464,1447,1464,1447
18.43,-27.07,4.57,1464,1447,1464,1447
18.56,-27.25,4.65,1480,1463,1480,1463
18.69,-27.43,4.74,1464,1447,1464,1447
18.82,-27.61,4.82,1464,1447,1464,1447
18.95,-27.80,4.90,1464,1447,1464,1447
19.07,-27.98,4.98,1461,1442,1461,1442
19.21,-28.16,5.06,1465,1446,1465,1446
19.34,-28.35,5.13,1465,1446,1465,1446
19.47,-28.54,5.20,1465,1446,1465,1446
19.60,-28.73,5.27,1465,1446,1465,1446
19.72,-28.92,5.34,1465,1446,1465,1446
19.84,-29.10,5.40,1465,1446,1465,1446
19.95,-29.29,5.47,1458,1437,1458,1437
20.08,-29.47,5.54,1466,1445,1466,1445
20.19,-29.65,5.61,1466,1445,1466,1445
20.30,-29.82,5.67,1466,1445,1466,1445
20.40,-29.99,5.74,1466,1445,1466,1445
20.48,-30.15,5.79,1466,1445,1466,1445
20.56,-30.29,5.84,1466,1445,1466,1445
20.64,-30.42,5.88,1467,1444,1467,1444
20.72,-30.54,5.93,1467,1444,1467,1444
20.80,-30.64,5.98,1467,1444,1467,1444
20.86,-30.71,6.02,1467,1444,1467,1444
20.92,-30.78,6.06,1467,1444,1467,1444
20.97,-30.83,6.09,1467,1444,1467,1444
21.00,-30.87,6.11,1467,1444,1467,1444
21.03,-30.90,6.12,1468,1443,1468,1443
21.05,-30.91,6.13,1464,1439,1464,1439
21.05,-30.91,6.14,1468,1443,1468,1443
21.04,-30.90,6.14,1464,1439,1464,1439
21.02,-30.89,6.14,1464,1439,1464,1439
20.98,-30.85,6.12,1468,1443,1468,1443
20.94,-30.82,6.09,1472,1447,1472,1447
20.88,-30.76,6.05,1472,1447,1472,1447
20.84,-30.70,6.01,1468,1443,1468,1443
20.77,-30.63,5.95,1468,1443,1468,1443
20.70,-30.54,5.90,1468,1443,1468,1443
20.62,-30.45,5.83,1468,1443,1468,1443
20.53,-30.35,5.76,1468,1443,1468,1443
20.44,-30.23,5.70,1472,1447,1472,1447
20.33,-30.10,5.63,1467,1444,1467,1444
20.22,-29.97,5.55,1467,1444,1467,1444
20.11,-29.82,5.47,1471,1448,1471,1448
19.99,-29.66,5.38,1467,1444,1467,1444
19.87,-29.48,5.29,1467,1444,1467,1444
19.73,-29.30,5.20,1467,1444,1467,1444
19.58,-29.10,5.11,1467,1444,1467,1444
19.42,-28.91,5.02,1466,1445,1466,1445
19.25,-28.71,4.92,1466,1445,1466,1445
19.07,-28.51,4.82,1466,1445,1466,1445
18.89,-28.30,4.73,1466,1445,1466,1445
18.71,-28.09,4.63,1466,1445,1466,1445
18.54,-27.87,4.53,1466,1445,1466,1445
18.37,-27.66,4.43,1466,1445,1466,1445
18.19,-27.44,4.34,1464,1447,1464,1447
18.02,-27.22,4.23,1464,1447,1464,1447
17.85,-26.99,4.15,1460,1443,1460,1443
17.68,-26.79,4.05,1460,1443,1460,1443
17.53,-26.57,3.97,1464,1447,1464,1447
17.39,-26.34,3.89,1464,1447,1464,1447
17.25,-26.12,3.82,1464,1447,1464,1447
17.12,-25.89,3.74,1463,1448,1463,1448
16.98,-25.66,3.65,1463,1448,1463,1448
16.85,-25.41,3.55,1463,1448,1463,1448
16.73,-25.13,3.46,1463,1448,1463,1448
16.61,-24.85,3.37,1463,1448,1463,1448
16.49,-24.56,3.27,1463,1448,1463,1448
16.36,-24.26,3.16,1459,1444,1459,1444
16.22,-23.96,3.03,1458,1445,1458,1445
16.08,-23.64,2.91,1462,1449,1462,1449
15.93,-23.32,2.80,1462,1449,1462,1449
15.78,-23.03,2.67,1462,1449,1462,1449
15.60,-22.75,2.56,1462,1449,1462,1449
15.43,-22.49,2.45,1462,1449,1462,1449
15.25,-22.23,2.34,1462,1449,1462,1449
15.08,-21.97,2.23,1464,1455,1464,1455
14.93,-21.70,2.14,1460,1451,1460,1451
14.77,-21.43,2.06,1460,1451,1460,1451
14.63,-21.16,1.98,1460,1451,1460,1451
14.49,-20.87,1.89,1460,1451,1460,1451
14.36,-20.59,1.80,1460,1451,1460,1451
14.24,-20.29,1.68,1460,1451,1460,1451
14.12,-19.99,1.56,1459,1452,1459,1452
14.01,-19.68,1.47,1459,1452,1459,1452
13.91,-19.39,1.38,1459,1452,1459,1452
13.81,-19.11,1.28,1459,1452,1459,1452
13.70,-18.84,1.20,1459,1452,1459,1452
13.58,-18.58,1.11,1455,1448,1455,1448
13.46,-18.32,1.01,1459,1452,1459,1452
13.34,-18.08,0.89,1457,1454,1457,1454
13.23,-17.84,0.78,1457,1454,1457,1454
13.11,-17.59,0.69,1457,1454,1457,1454
13.00,-17.36,0.63,1457,1454,1457,1454
12.91,-17.14,0.61,1461,1458,1461,1458
12.84,-16.91,0.60,1461,1458,1461,1458
12.76,-16.70,0.58,1457,1454,1457,1454
12.70,-16.49,0.56,1457,1454,1457,1454
12.65,-16.31,0.55,1457,1454,1457,1454
12.62,-16.14,0.52,1453,1450,1453,1450
12.61,-15.95,0.50,1449,1446,1449,1446
12.62,-15.76,0.50,1449,1446,1449,1446
12.64,-15.57,0.50,1457,1454,1457,1454
12.65,-15.39,0.51,1457,1454,1457,1454
12.67,-15.23,0.52,1457,1454,1457,1454
12.69,-15.08,0.52,1457,1454,1457,1454
12.71,-14.96,0.52,1457,1454,1457,1454
12.73,-14.82,0.52,1461,1458,1461,1458
12.75,-14.67,0.51,1457,1454,1457,1454
12.76,-14.52,0.51,1457,1454,1457,1454
12.74,-14.36,0.50,1457,1454,1457,1454
12.72,-14.20,0.49,1456,1455,1456,1455
12.68,-14.04,0.48,1456,1455,1456,1455
12.64,-13.87,0.47,1456,1455,1456,1455
12.60,-13.68,0.46,1456,1455,1456,1455
12.56,-13.47,0.45,1444,1443,1444,1443
12.52,-13.26,0.45,1456,1455,1456,1455
12.47,-13.05,0.45,1456,1455,1456,1455
12.41,-12.86,0.46,1456,1455,1456,1455
12.36,-12.70,0.47,1456,1455,1456,1455
12.29,-12.53,0.47,1456,1455,1456,1455
12.24,-12.39,0.48,1456,1455,1456,1455
12.19,-12.25,0.50,1456,1455,1456,1455
12.14,-12.14,0.51,1456,1455,1456,1455
12.12,-12.03,0.52,1452,1451,1452,1451
12.12,-11.94,0.53,1457,1454,1457,1454
12.12,-11.83,0.54,1457,1454,1457,1454
12.13,-11.73,0.54,1457,1454,1457,1454
12.15,-11.62,0.54,1457,1454,1457,1454
12.16,-11.51,0.52,1453,1450,1453,1450
12.18,-11.41,0.51,1457,1454,1457,1454
12.19,-11.29,0.50,1457,1454,1457,1454
12.20,-11.16,0.50,1456,1455,1456,1455
12.20,-11.03,0.50,1456,1455,1456,1455
12.20,-10.91,0.50,1456,1455,1456,1455
12.19,-10.79,0.50,1456,1455,1456,1455
12.18,-10.68,0.48,1456,1455,1456,1455
12.17,-10.57,0.46,1456,1455,1456,1455
12.18,-10.47,0.45,1456,1455,1456,1455
12.17,-10.38,0.45,1444,1443,1444,1443
12.16,-10.31,0.45,1456,1455,1456,1455
12.15,-10.22,0.46,1456,1455,1456,1455
12.13,-10.14,0.46,1456,1455,1456,1455
12.10,-10.06,0.47,1456,1455,1456,1455
12.06,-9.99,0.48,1456,1455,1456,1455
12.01,-9.92,0.48,1456,1455,1456,1455
11.94,-9.85,0.48,1456,1455,1456,1455
11.88,-9.76,0.48,1452,1451,1452,1451
11.81,-9.67,0.47,1468,1467,1468,1467
11.75,-9.56,0.48,1468,1467,1468,1467
11.70,-9.45,0.48,1456,1455,1456,1455
11.65,-9.33,0.47,1456,1455,1456,1455
11.62,-9.22,0.47,1456,1455,1456,1455
11.59,-9.09,0.46,1456,1455,1456,1455
11.59,-8.96,0.47,1456,1455,1456,1455
11.59,-8.83,0.48,1456,1455,1456,1455
11.60,-8.71,0.47,1456,1455,1456,1455
11.63,-8.57,0.47,1456,1455,1456,1455
11.67,-8.44,0.47,1456,1455,1456,1455
11.72,-8.31,0.48,1456,1455,1456,1455
11.77,-8.20,0.50,1457,1454,1457,1454
11.83,-8.08,0.52,1457,1454,1457,1454
11.86,-7.97,0.54,1457,1454,1457,1454
11.87,-7.85,0.54,1457,1454,1457,1454
11.85,-7.73,0.55,1457,1454,1457,1454
11.81,-7.64,0.54,1457,1454,1457,1454
11.74,-7.55,0.52,1457,1454,1457,1454
11.65,-7.47,0.50,1456,1455,1456,1455
11.56,-7.38,0.49,1456,1455,1456,1455
11.49,-7.29,0.50,1456,1455,1456,1455
11.42,-7.22,0.51,1456,1455,1456,1455
11.37,-7.15,0.52,1456,1455,1456,1455
11.34,-7.08,0.53,1456,1455,1456,1455
11.33,-7.00,0.53,1456,1455,1456,1455
11.32,-6.92,0.53,1457,1454,1457,1454
11.32,-6.83,0.52,1457,1454,1457,1454
11.33,-6.73,0.51,1457,1454,1457,1454
11.33,-6.62,0.52,1457,1454,1457,1454
11.33,-6.52,0.51,1457,1454,1457,1454
11.33,-6.42,0.50,1457,1454,1457,1454
11.33,-6.32,0.51,1449,1446,1449,1446
11.33,-6.23,0.51,1449,1446,1449,1446
11.31,-6.12,0.50,1457,1454,1457,1454
11.30,-6.02,0.49,1457,1454,1457,1454
11.28,-5.90,0.49,1457,1454,1457,1454
11.27,-5.78,0.48,1457,1454,1457,1454
11.25,-5.67,0.49,1457,1454,1457,1454
11.23,-5.55,0.50,1457,1454,1457,1454
11.22,-5.44,0.50,1456,1455,1456,1455
11.20,-5.32,0.50,1456,1455,1456,1455
11.18,-5.20,0.49,1456,1455,1456,1455
11.15,-5.08,0.50,1456,1455,1456,1455
11.11,-4.97,0.48,1456,1455,1456,1455
11.08,-4.87,0.48,1456,1455,1456,1455
11.05,-4.77,0.49,1456,1455,1456,1455
11.03,-4.69,0.50,1456,1455,1456,1455
11.01,-4.60,0.49,1456,1455,1456,1455
11.00,-4.51,0.48,1456,1455,1456,1455
10.99,-4.42,0.48,1456,1455,1456,1455
10.96,-4.33,0.49,1456,1455,1456,1455
10.95,-4.26,0.48,1456,1455,1456,1455
10.92,-4.18,0.47,1464,1463,1464,1463
10.89,-4.10,0.46,1456,1455,1456,1455
10.87,-4.01,0.46,1456,1455,1456,1455
10.86,-3.92,0.46,1464,1463,1464,1463
10.85,-3.81,0.45,1456,1455,1456,1455
10.84,-3.72,0.46,1456,1455,1456,1455
10.83,-3.61,0.46,1456,1455,1456,1455
10.80,-3.50,0.46,1456,1455,1456,1455
10.76,-3.41,0.47,1456,1455,1456,1455
10.71,-3.30,0.46,1456,1455,1456,1455
10.65,-3.20,0.45,1456,1455,1456,1455
10.61,-3.08,0.47,1456,1455,1456,1455
10.54,-2.97,0.50,1456,1455,1456,1455
10.48,-2.84,0.49,1456,1455,1456,1455
10.40,-2.71,0.48,1456,1455,1456,1455
10.32,-2.57,0.46,1456,1455,1456,1455
10.24,-2.44,0.44,1452,1451,1452,1451
10.17,-2.34,0.43,1456,1455,1456,1455
10.11,-2.26,0.42,1456,1455,1456,1455
10.07,-2.18,0.40,1456,1455,1456,1455
10.04,-2.10,0.42,1456,1455,1456,1455
10.03,-2.05,0.43,1456,1455,1456,1455
10.02,-2.00,0.43,1456,1455,1456,1455
10.03,-1.95,0.40,1456,1455,1456,1455
10.02,-1.90,0.40,1456,1455,1456,1455
10.02,-1.84,0.39,1456,1455,1456,1455
10.02,-1.78,0.36,1456,1455,1456,1455
10.00,-1.71,0.32,1456,1455,1456,1455
9.99,-1.64,0.30,1456,1455,1456,1455
9.99,-1.65,0.26,1456,1455,1456,1455
10.00,-1.67,0.29,1456,1455,1456,1455
10.01,-1.64,0.32,1456,1455,1456,1455
10.02,-1.61,0.30,1456,1455,1456,1455
10.02,-1.62,0.30,1456,1455,1456,1455
10.02,-1.64,0.31,1456,1455,1456,1455
10.01,-1.64,0.31,1456,1455,1456,1455
9.99,-1.64,0.29,1456,1455,1456,1455
9.97,-1.64,0.30,1456,1455,1456,1455
9.96,-1.65,0.30,1456,1455,1456,1455
9.96,-1.64,0.30,1456,1455,1456,1455
9.97,-1.63,0.30,1456,1455,1456,1455
9.97,-1.63,0.30,1456,1455,1456,1455
9.98,-1.63,0.29,1456,1455,1456,1455
9.99,-1.64,0.29,1456,1455,1456,1455
10.00,-1.65,0.29,1456,1455,1456,1455
10.01,-1.67,0.29,1456,1455,1456,1455
10.02,-1.67,0.29,1456,1455,1456,1455
10.04,-1.68,0.30,1456,1455,1456,1455
10.06,-1.67,0.30,1452,1451,1452,1451
10.09,-1.66,0.32,1456,1455,1456,1455
10.10,-1.65,0.34,1456,1455,1456,1455
10.12,-1.61,0.33,1460,1459,1460,1459
10.14,-1.60,0.33,1456,1455,1456,1455
10.15,-1.62,0.31,1472,1471,1472,1471
10.16,-1.63,0.31,1452,1451,1452,1451
10.18,-1.62,0.31,1452,1451,1452,1451
10.19,-1.60,0.29,1456,1455,1456,1455
10.21,-1.59,0.31,1456,1455,1456,1455
10.21,-1.58,0.30,1456,1455,1456,1455
10.21,-1.59,0.30,1456,1455,1456,1455
10.21,-1.60,0.30,1468,1467,1468,1467
10.19,-1.60,0.30,1468,1467,1468,1467
10.17,-1.60,0.30,1456,1455,1456,1455
10.15,-1.59,0.31,1456,1455,1456,1455
10.14,-1.60,0.30,1456,1455,1456,1455
10.14,-1.60,0.30,1456,1455,1456,1455
10.13,-1.59,0.32,1456,1455,1456,1455
10.14,-1.59,0.31,1456,1455,1456,1455
10.14,-1.60,0.30,1448,1447,1448,1447
10.15,-1.62,0.30,1456,1455,1456,1455
10.16,-1.61,0.30,1456,1455,1456,1455
10.18,-1.60,0.30,1456,1455,1456,1455
10.21,-1.60,0.30,1456,1455,1456,1455
10.25,-1.61,0.31,1456,1455,1456,1455
10.30,-1.60,0.32,1456,1455,1456,1455
10.33,-1.59,0.33,1456,1455,1456,1455
10.36,-1.59,0.33,1456,1455,1456,1455
10.37,-1.59,0.30,1456,1455,1456,1455
10.37,-1.59,0.27,1460,1459,1460,1459
10.36,-1.59,0.28,1456,1455,1456,1455
10.35,-1.57,0.30,1456,1455,1456,1455
10.33,-1.57,0.31,1456,1455,1456,1455
10.32,-1.57,0.30,1456,1455,1456,1455
10.32,-1.57,0.30,1460,1459,1460,1459
10.31,-1.58,0.30,1456,1455,1456,1455
10.31,-1.58,0.31,1456,1455,1456,1455
10.30,-1.58,0.32,1456,1455,1456,1455
10.29,-1.58,0.32,1456,1455,1456,1455
10.27,-1.59,0.33,1456,1455,1456,1455
10.24,-1.59,0.34,1456,1455,1456,1455
10.21,-1.59,0.34,1456,1455,1456,1455
10.19,-1.61,0.33,1460,1459,1460,1459
10.19,-1.61,0.33,1456,1455,1456,1455
10.20,-1.61,0.34,1456,1455,1456,1455
10.24,-1.61,0.34,1456,1455,1456,1455
10.29,-1.61,0.33,1456,1455,1456,1455
10.34,-1.60,0.32,1460,1459,1460,1459
10.39,-1.59,0.31,1456,1455,1456,1455
10.44,-1.60,0.31,1456,1455,1456,1455
10.48,-1.62,0.32,1456,1455,1456,1455
10.51,-1.63,0.31,1456,1455,1456,1455
10.54,-1.63,0.30,1456,1455,1456,1455
10.54,-1.61,0.30,1456,1455,1456,1455
10.55,-1.61,0.31,1456,1455,1456,1455
10.55,-1.62,0.31,1456,1455,1456,1455
10.55,-1.64,0.31,1456,1455,1456,1455
10.55,-1.66,0.31,1456,1455,1456,1455
10.56,-1.67,0.30,1456,1455,1456,1455
10.56,-1.69,0.30,1456,1455,1456,1455
10.58,-1.69,0.30,1456,1455,1456,1455
10.61,-1.69,0.30,1456,1455,1456,1455
10.66,-1.68,0.30,1452,1451,1452,1451
10.69,-1.69,0.30,1456,1455,1456,1455
10.73,-1.69,0.31,1456,1455,1456,1455
10.75,-1.70,0.31,1456,1455,1456,1455
10.78,-1.71,0.29,1456,1455,1456,1455
10.80,-1.72,0.29,1456,1455,1456,1455
10.82,-1.73,0.29,1456,1455,1456,1455
10.85,-1.74,0.29,1452,1451,1452,1451
10.89,-1.74,0.28,1456,1455,1456,1455
10.93,-1.72,0.28,1456,1455,1456,1455
10.97,-1.72,0.28,1456,1455,1456,1455
11.03,-1.71,0.29,1456,1455,1456,1455
11.10,-1.69,0.30,1456,1455,1456,1455
11.19,-1.66,0.32,1456,1455,1456,1455
11.27,-1.63,0.34,1456,1455,1456,1455
11.37,-1.57,0.37,1452,1451,1452,1451
11.46,-1.51,0.39,1456,1455,1456,1455
11.54,-1.42,0.41,1456,1455,1456,1455
11.59,-1.32,0.42,1456,1455,1456,1455
11.63,-1.20,0.40,1456,1455,1456,1455
11.65,-1.07,0.40,1456,1455,1456,1455
11.63,-0.91,0.39,1456,1455,1456,1455
11.58,-0.73,0.39,1456,1455,1456,1455
11.51,-0.52,0.38,1456,1455,1456,1455
11.43,-0.29,0.37,1456,1455,1456,1455
11.32,-0.03,0.36,1456,1455,1456,1455
11.20,0.25,0.36,1452,1451,1452,1451
11.07,0.56,0.35,1456,1455,1456,1455
10.95,0.87,0.35,1456,1455,1456,1455
10.83,1.20,0.33,1456,1455,1456,1455
10.72,1.54,0.31,1453,1452,1459,1458
10.60,1.87,0.30,1453,1452,1459,1458
10.48,2.22,0.32,1453,1452,1459,1458
10.35,2.57,0.34,1453,1452,1459,1458
10.21,2.89,0.37,1461,1460,1467,1466
10.06,3.20,0.40,1453,1452,1459,1458
9.90,3.51,0.36,1453,1452,1459,1458
9.73,3.84,0.32,1448,1447,1464,1463
9.55,4.19,0.32,1448,1447,1464,1463
9.38,4.53,0.31,1448,1447,1464,1463
9.21,4.88,0.32,1444,1443,1460,1459
9.05,5.23,0.31,1444,1443,1460,1459
8.91,5.57,0.33,1448,1447,1464,1463
8.81,5.94,0.34,1448,1447,1464,1463
8.75,6.33,0.34,1444,1442,1469,1467
8.74,6.73,0.36,1444,1442,1469,1467
8.76,7.15,0.39,1444,1442,1469,1467
8.80,7.57,0.39,1432,1430,1457,1455
8.87,7.99,0.40,1444,1442,1469,1467
8.93,8.42,0.41,1444,1442,1469,1467
9.00,8.88,0.41,1444,1442,1469,1467
9.06,9.34,0.38,1438,1436,1475,1473
9.09,9.82,0.35,1438,1436,1475,1473
9.09,10.31,0.34,1442,1440,1479,1477
9.05,10.82,0.33,1438,1436,1475,1473
8.98,11.33,0.32,1438,1436,1475,1473
8.87,11.86,0.34,1438,1436,1475,1473
8.75,12.38,0.35,1438,1436,1475,1473
8.63,12.89,0.36,1430,1429,1482,1481
8.52,13.39,0.35,1430,1429,1482,1481
8.40,13.89,0.34,1430,1429,1482,1481
8.30,14.36,0.33,1430,1429,1482,1481
8.21,14.82,0.32,1430,1429,1482,1481
8.13,15.29,0.31,1430,1429,1482,1481
8.07,15.75,0.30,1430,1429,1482,1481
8.02,16.22,0.30,1424,1422,1489,1487
7.99,16.70,0.31,1424,1422,1489,1487
7.96,17.19,0.31,1424,1422,1489,1487
7.94,17.65,0.32,1424,1422,1489,1487
7.93,18.06,0.31,1424,1422,1489,1487
7.93,18.40,0.26,1424,1422,1489,1487
7.98,18.68,0.21,1424,1422,1489,1487
8.04,18.98,0.16,1418,1417,1494,1493
8.14,19.28,0.11,1418,1417,1494,1493
8.28,19.56,0.06,1418,1417,1494,1493
8.43,19.86,0.03,1418,1417,1494,1493
8.59,20.17,0.02,1418,1417,1494,1493
8.74,20.47,-0.01,1418,1417,1494,1493
8.89,20.71,-0.06,1418,1417,1494,1493
9.02,20.92,-0.09,1414,1414,1497,1497
9.10,21.15,-0.14,1414,1414,1497,1497
9.16,21.32,-0.22,1414,1414,1497,1497
9.21,21.44,-0.30,1414,1414,1497,1497
9.23,21.58,-0.32,1414,1414,1497,1497
9.24,21.79,-0.34,1414,1414,1497,1497
9.24,22.06,-0.37,1414,1414,1497,1497
9.22,22.40,-0.41,1411,1411,1500,1500
9.19,22.78,-0.40,1415,1415,1504,1504
9.11,23.22,-0.39,1411,1411,1500,1500
9.01,23.65,-0.39,1411,1411,1500,1500
8.87,24.08,-0.39,1411,1411,1500,1500
8.70,24.52,-0.36,1411,1411,1500,1500
8.50,24.96,-0.33,1411,1411,1500,1500
8.30,25.41,-0.30,1405,1405,1506,1506
8.09,25.87,-0.26,1405,1405,1506,1506
7.90,26.34,-0.22,1405,1405,1506,1506
7.72,26.83,-0.18,1405,1405,1506,1506
7.56,27.32,-0.16,1405,1405,1506,1506
7.44,27.80,-0.13,1405,1405,1506,1506
7.34,28.25,-0.10,1405,1405,1506,1506
7.27,28.67,-0.08,1398,1398,1513,1513
7.22,29.07,-0.08,1398,1398,1513,1513
7.19,29.42,-0.07,1398,1398,1513,1513
7.16,29.75,-0.08,1398,1398,1513,1513
7.17,30.07,-0.10,1398,1398,1513,1513
7.20,30.38,-0.14,1398,1398,1513,1513
7.23,30.68,-0.16,1398,1398,1513,1513
7.27,30.97,-0.19,1394,1394,1517,1517
7.31,31.24,-0.21,1394,1394,1517,1517
7.35,31.48,-0.23,1394,1394,1517,1517
7.38,31.70,-0.24,1394,1394,1517,1517
7.40,31.90,-0.26,1394,1394,1517,1517
7.41,32.09,-0.28,1394,1394,1517,1517
7.40,32.29,-0.30,1394,1394,1517,1517
7.36,32.48,-0.30,1391,1391,1520,1520
7.30,32.68,-0.28,1399,1399,1528,1528
7.23,32.90,-0.25,1399,1399,1528,1528
7.14,33.13,-0.24,1391,1391,1520,1520
7.04,33.38,-0.23,1387,1387,1516,1516
6.92,33.64,-0.20,1391,1391,1520,1520
6.78,33.91,-0.16,1391,1391,1520,1520
6.64,34.20,-0.12,1387,1387,1524,1524
6.49,34.49,-0.07,1387,1387,1524,1524
6.35,34.80,-0.02,1387,1387,1524,1524
6.20,35.14,0.03,1387,1387,1524,1524
6.06,35.50,0.09,1387,1387,1524,1524
5.93,35.87,0.13,1391,1391,1528,1528
5.80,36.26,0.18,1391,1391,1528,1528
5.67,36.66,0.21,1383,1382,1529,1528
5.56,37.06,0.24,1383,1382,1529,1528
5.46,37.46,0.28,1383,1382,1529,1528
5.35,37.86,0.31,1383,1382,1529,1528
5.26,38.24,0.34,1383,1382,1529,1528
5.18,38.61,0.37,1383,1382,1529,1528
5.11,38.97,0.38,1383,1382,1529,1528
5.05,39.31,0.39,1378,1376,1535,1533
4.99,39.64,0.40,1378,1376,1535,1533
4.93,39.96,0.42,1378,1376,1535,1533
4.88,40.25,0.43,1378,1376,1535,1533
4.83,40.51,0.44,1378,1376,1535,1533
4.80,40.74,0.46,1378,1376,1535,1533
4.77,40.94,0.47,1378,1376,1535,1533
4.74,41.11,0.48,1374,1372,1539,1537
4.73,41.26,0.47,1374,1372,1539,1537
4.73,41.39,0.46,1374,1372,1539,1537
4.72,41.52,0.45,1374,1372,1539,1537
4.72,41.62,0.44,1370,1368,1535,1533
4.71,41.71,0.44,1374,1372,1539,1537
4.71,41.78,0.45,1374,1372,1539,1537
4.70,41.84,0.46,1373,1371,1540,1538
4.69,41.90,0.47,1373,1371,1540,1538
4.68,41.96,0.48,1373,1371,1540,1538
4.68,42.01,0.48,1373,1371,1540,1538
4.68,42.03,0.46,1373,1371,1540,1538
4.67,42.05,0.46,1373,1371,1540,1538
4.67,42.07,0.45,1373,1371,1540,1538
4.66,42.08,0.46,1372,1370,1541,1539
4.65,42.10,0.46,1372,1370,1541,1539
4.64,42.14,0.48,1372,1370,1541,1539
4.62,42.19,0.49,1372,1370,1541,1539
4.60,42.25,0.50,1372,1370,1541,1539
4.58,42.32,0.51,1372,1370,1541,1539
4.57,42.39,0.51,1372,1370,1541,1539
4.54,42.47,0.52,1368,1366,1537,1535
4.51,42.56,0.53,1368,1366,1537,1535
4.47,42.65,0.54,1372,1370,1541,1539
4.43,42.74,0.56,1372,1370,1541,1539
4.38,42.84,0.59,1372,1370,1541,1539
4.32,42.93,0.61,1372,1370,1541,1539
4.27,43.04,0.64,1372,1370,1541,1539
4.21,43.14,0.67,1371,1368,1543,1540
4.16,43.24,0.69,1371,1368,1543,1540
4.10,43.33,0.71,1371,1368,1543,1540
4.04,43.40,0.74,1371,1368,1543,1540
4.00,43.45,0.76,1371,1368,1543,1540
3.96,43.50,0.79,1371,1368,1543,1540
3.93,43.52,0.81,1367,1364,1539,1536
3.92,43.52,0.81,1370,1367,1544,1541
3.91,43.51,0.82,1370,1367,1544,1541
3.92,43.50,0.81,1370,1367,1544,1541
3.94,43.46,0.80,1370,1367,1544,1541
3.97,43.42,0.78,1370,1367,1544,1541
4.01,43.34,0.76,1370,1367,1544,1541
4.05,43.25,0.75,1370,1367,1544,1541
4.09,43.15,0.73,1371,1368,1543,1540
4.14,43.03,0.72,1371,1368,1543,1540
4.20,42.90,0.69,1371,1368,1543,1540
4.24,42.76,0.67,1371,1368,1543,1540
4.29,42.61,0.65,1371,1368,1543,1540
4.33,42.45,0.63,1367,1364,1539,1536
4.36,42.27,0.62,1371,1368,1543,1540
4.40,42.08,0.61,1373,1370,1541,1538
4.43,41.88,0.60,1373,1370,1541,1538
4.45,41.68,0.61,1373,1370,1541,1538
4.47,41.46,0.61,1373,1370,1541,1538
4.49,41.23,0.62,1373,1370,1541,1538
4.50,40.99,0.64,1373,1370,1541,1538
4.52,40.72,0.65,1373,1370,1541,1538
4.53,40.44,0.66,1376,1373,1538,1535
4.55,40.16,0.67,1376,1373,1538,1535
4.57,39.87,0.66,1376,1373,1538,1535
4.60,39.56,0.66,1376,1373,1538,1535
4.63,39.26,0.66,1376,1373,1538,1535
4.66,38.95,0.67,1376,1373,1538,1535
4.70,38.64,0.67,1376,1373,1538,1535
4.75,38.31,0.67,1380,1378,1533,1531
4.81,37.98,0.66,1364,1362,1517,1515
4.87,37.64,0.65,1364,1362,1517,1515
4.95,37.30,0.63,1380,1378,1533,1531
5.03,36.96,0.62,1380,1378,1533,1531
5.13,36.61,0.61,1380,1378,1533,1531
5.23,36.27,0.60,1380,1378,1533,1531
5.34,35.96,0.62,1385,1382,1529,1526
5.43,35.69,0.70,1385,1382,1529,1526
5.55,35.44,0.80,1385,1382,1529,1526
5.71,35.19,0.78,1385,1382,1529,1526
5.89,34.95,0.77,1385,1382,1529,1526
6.13,34.72,0.70,1385,1382,1529,1526
6.33,34.50,0.74,1385,1382,1529,1526
6.55,34.20,0.72,1389,1386,1525,1522
6.75,33.91,0.65,1389,1386,1525,1522
6.91,33.56,0.60,1389,1386,1525,1522
7.05,33.13,0.56,1389,1386,1525,1522
7.14,32.65,0.56,1389,1386,1525,1522
7.21,32.16,0.52,1389,1386,1525,1522
7.23,31.69,0.49,1389,1386,1525,1522
7.23,31.25,0.48,1394,1392,1519,1517
7.22,30.84,0.49,1394,1392,1519,1517
7.20,30.44,0.52,1394,1392,1519,1517
7.19,30.01,0.55,1394,1392,1519,1517
7.19,29.57,0.61,1394,1392,1519,1517
7.21,29.11,0.64,1394,1392,1519,1517
7.24,28.63,0.66,1394,1392,1519,1517
7.28,28.14,0.66,1401,1398,1513,1510
7.33,27.66,0.65,1401,1398,1513,1510
7.40,27.18,0.63,1401,1398,1513,1510
7.48,26.69,0.61,1401,1398,1513,1510
7.59,26.20,0.59,1401,1398,1513,1510
7.71,25.69,0.58,1401,1398,1513,1510
7.83,25.19,0.56,1401,1398,1513,1510
7.97,24.70,0.55,1407,1405,1506,1504
8.09,24.22,0.53,1407,1405,1506,1504
8.21,23.76,0.53,1407,1405,1506,1504
8.31,23.32,0.52,1407,1405,1506,1504
8.39,22.87,0.50,1407,1405,1506,1504
8.46,22.43,0.49,1407,1405,1506,1504
8.52,21.98,0.50,1407,1405,1506,1504
8.55,21.55,0.52,1413,1411,1500,1498
8.57,21.14,0.53,1413,1411,1500,1498
8.59,20.72,0.54,1409,1407,1496,1494
8.59,20.31,0.55,1409,1407,1496,1494
8.58,19.89,0.57,1417,1415,1504,1502
8.58,19.45,0.57,1413,1411,1500,1498
8.59,19.00,0.57,1413,1411,1500,1498
8.60,18.57,0.58,1420,1417,1494,1491
8.60,18.16,0.60,1420,1417,1494,1491
8.60,17.74,0.62,1420,1417,1494,1491
8.60,17.32,0.63,1420,1417,1494,1491
8.63,16.89,0.62,1420,1417,1494,1491
8.66,16.53,0.62,1420,1417,1494,1491
8.66,16.28,0.55,1420,1417,1494,1491
8.58,16.10,0.45,1424,1422,1489,1487
8.43,15.91,0.36,1424,1422,1489,1487
8.19,15.62,0.33,1424,1422,1489,1487
7.88,15.28,0.31,1424,1422,1489,1487
7.54,14.82,0.28,1424,1422,1489,1487
7.19,14.35,0.29,1424,1422,1489,1487
6.84,13.92,0.30,1424,1422,1489,1487
6.54,13.53,0.27,1429,1428,1483,1482
6.29,13.19,0.23,1429,1428,1483,1482
6.11,12.89,0.23,1429,1428,1483,1482
5.99,12.63,0.24,1429,1428,1483,1482
5.92,12.38,0.25,1429,1428,1483,1482
5.91,12.10,0.26,1429,1428,1483,1482
5.93,11.77,0.26,1429,1428,1483,1482
5.97,11.41,0.27,1433,1432,1479,1478
6.05,11.00,0.29,1425,1424,1471,1470
6.16,10.57,0.32,1425,1424,1471,1470
6.29,10.16,0.35,1433,1432,1479,1478
6.45,9.82,0.36,1433,1432,1479,1478
6.62,9.49,0.34,1437,1436,1483,1482
6.81,9.15,0.32,1433,1432,1479,1478
7.00,8.76,0.34,1439,1437,1474,1472
7.18,8.36,0.37,1439,1437,1474,1472
7.34,7.94,0.39,1443,1441,1478,1476
7.49,7.51,0.39,1439,1437,1474,1472
7.62,7.08,0.39,1439,1437,1474,1472
7.74,6.65,0.39,1439,1437,1474,1472
7.87,6.21,0.38,1439,1437,1474,1472
7.98,5.77,0.39,1445,1443,1468,1466
8.09,5.34,0.39,1445,1443,1468,1466
8.19,4.94,0.38,1445,1443,1468,1466
8.28,4.56,0.36,1449,1447,1472,1470
8.36,4.18,0.34,1449,1447,1472,1470
8.43,3.79,0.34,1445,1443,1468,1466
8.49,3.39,0.36,1445,1443,1468,1466
8.55,2.97,0.36,1450,1449,1462,1461
8.61,2.55,0.36,1450,1449,1462,1461
8.66,2.13,0.36,1450,1449,1462,1461
8.70,1.72,0.37,1450,1449,1462,1461
8.74,1.31,0.38,1446,1445,1458,1457
8.78,0.91,0.40,1450,1449,1462,1461
8.83,0.51,0.42,1450,1449,1462,1461
8.87,0.12,0.43,1456,1454,1457,1455
8.92,-0.25,0.42,1456,1454,1457,1455
8.97,-0.62,0.41,1456,1454,1457,1455
9.02,-0.98,0.43,1456,1454,1457,1455
9.07,-1.32,0.43,1456,1454,1457,1455
9.09,-1.55,0.40,1456,1454,1457,1455
9.07,-1.54,0.42,1456,1454,1457,1455
9.00,-1.45,0.45,1456,1455,1456,1455
8.90,-1.51,0.47,1456,1455,1456,1455
8.80,-1.59,0.47,1456,1455,1456,1455
8.70,-1.60,0.43,1456,1455,1456,1455
8.61,-1.54,0.37,1456,1455,1456,1455
8.54,-1.45,0.34,1456,1455,1456,1455
8.49,-1.41,0.35,1456,1455,1456,1455
8.47,-1.42,0.38,1456,1455,1456,1455
8.45,-1.47,0.39,1452,1451,1452,1451
8.45,-1.51,0.38,1456,1455,1456,1455
8.43,-1.51,0.41,1456,1455,1456,1455
8.40,-1.48,0.42,1456,1455,1456,1455
8.33,-1.48,0.41,1456,1455,1456,1455
8.23,-1.49,0.38,1456,1455,1456,1455
8.08,-1.54,0.39,1456,1455,1456,1455
7.93,-1.60,0.41,1456,1455,1456,1455
7.81,-1.60,0.41,1456,1455,1456,1455
7.71,-1.56,0.41,1456,1455,1456,1455
7.63,-1.53,0.42,1456,1455,1456,1455
7.55,-1.50,0.43,1456,1455,1456,1455
7.47,-1.49,0.41,1456,1455,1456,1455
7.39,-1.50,0.41,1456,1455,1456,1455
7.32,-1.54,0.41,1456,1455,1456,1455
7.26,-1.59,0.42,1456,1455,1456,1455
7.20,-1.60,0.44,1456,1455,1456,1455
7.15,-1.59,0.42,1456,1455,1456,1455
7.11,-1.59,0.39,1456,1455,1456,1455
7.07,-1.59,0.40,1456,1455,1456,1455
7.02,-1.60,0.40,1456,1455,1456,1455
6.99,-1.64,0.40,1456,1455,1456,1455
6.95,-1.67,0.36,1456,1455,1456,1455
6.92,-1.70,0.31,1456,1455,1456,1455
6.92,-1.71,0.29,1456,1455,1456,1455
6.94,-1.70,0.29,1456,1455,1456,1455
6.97,-1.68,0.31,1456,1455,1456,1455
7.02,-1.66,0.35,1456,1455,1456,1455
7.09,-1.66,0.33,1456,1455,1456,1455
7.14,-1.66,0.31,1456,1455,1456,1455
7.19,-1.65,0.32,1456,1455,1456,1455
7.23,-1.67,0.35,1456,1455,1456,1455
7.24,-1.66,0.37,1456,1455,1456,1455
7.24,-1.67,0.34,1456,1455,1456,1455
7.24,-1.67,0.27,1456,1455,1456,1455
7.24,-1.66,0.27,1456,1455,1456,1455
7.23,-1.63,0.31,1456,1455,1456,1455
7.22,-1.62,0.35,1456,1455,1456,1455
7.21,-1.64,0.36,1456,1455,1456,1455
7.21,-1.68,0.32,1456,1455,1456,1455
7.20,-1.66,0.29,1456,1455,1456,1455
7.19,-1.62,0.32,1456,1455,1456,1455
7.18,-1.61,0.35,1456,1455,1456,1455
7.18,-1.64,0.38,1456,1455,1456,1455
7.18,-1.67,0.38,1452,1451,1452,1451
7.18,-1.68,0.36,1452,1451,1452,1451
7.18,-1.64,0.37,1456,1455,1456,1455
7.18,-1.62,0.38,1456,1455,1456,1455
7.18,-1.65,0.41,1456,1455,1456,1455
7.19,-1.67,0.43,1456,1455,1456,1455
7.19,-1.67,0.45,1456,1455,1456,1455
7.19,-1.66,0.48,1456,1455,1456,1455
7.17,-1.66,0.49,1456,1455,1456,1455
7.16,-1.64,0.50,1456,1455,1456,1455
7.13,-1.63,0.50,1456,1455,1456,1455
7.11,-1.60,0.51,1457,1454,1457,1454
7.09,-1.59,0.49,1457,1454,1457,1454
7.09,-1.58,0.47,1457,1454,1457,1454
7.11,-1.58,0.43,1457,1454,1457,1454
7.14,-1.57,0.45,1457,1454,1457,1454
7.17,-1.56,0.47,1457,1454,1457,1454
7.21,-1.58,0.46,1457,1454,1457,1454
7.26,-1.58,0.47,1456,1455,1456,1455
7.30,-1.55,0.50,1456,1455,1456,1455
7.35,-1.54,0.50,1456,1455,1456,1455
7.39,-1.53,0.50,1456,1455,1456,1455
7.42,-1.52,0.50,1456,1455,1456,1455
7.46,-1.48,0.50,1456,1455,1456,1455
7.51,-1.45,0.49,1456,1455,1456,1455
7.57,-1.43,0.46,1456,1455,1456,1455
7.64,-1.41,0.44,1456,1455,1456,1455
7.71,-1.38,0.41,1456,1455,1456,1455
7.78,-1.34,0.40,1456,1455,1456,1455
7.84,-1.32,0.41,1456,1455,1456,1455
7.89,-1.31,0.41,1456,1455,1456,1455
7.93,-1.30,0.41,1456,1455,1456,1455
7.98,-1.28,0.40,1464,1463,1464,1463
8.03,-1.27,0.38,1464,1463,1464,1463
8.11,-1.26,0.37,1456,1455,1456,1455
8.19,-1.24,0.35,1456,1455,1456,1455
8.29,-1.21,0.34,1456,1455,1456,1455
8.41,-1.22,0.34,1456,1455,1456,1455
8.53,-1.25,0.32,1456,1455,1456,1455
8.65,-1.24,0.34,1456,1455,1456,1455
8.76,-1.23,0.34,1456,1455,1456,1455
8.86,-1.23,0.31,1456,1455,1456,1455
8.95,-1.21,0.31,1456,1455,1456,1455
9.03,-1.20,0.29,1456,1455,1456,1455
9.10,-1.21,0.25,1456,1455,1456,1455
9.14,-1.22,0.22,1456,1455,1456,1455
9.16,-1.19,0.26,1456,1455,1456,1455
9.17,-1.20,0.31,1464,1463,1464,1463
9.18,-1.24,0.29,1456,1455,1456,1455
9.17,-1.26,0.25,1456,1455,1456,1455
9.15,-1.24,0.25,1456,1455,1456,1455
9.12,-1.24,0.25,1456,1455,1456,1455
9.10,-1.28,0.20,1456,1455,1456,1455
9.07,-1.30,0.18,1456,1455,1456,1455
9.03,-1.31,0.19,1452,1451,1452,1451
8.99,-1.31,0.18,1452,1451,1452,1451
8.96,-1.33,0.15,1456,1455,1456,1455
8.93,-1.34,0.14,1456,1455,1456,1455
8.93,-1.34,0.14,1456,1455,1456,1455
8.93,-1.34,0.13,1456,1455,1456,1455
8.96,-1.35,0.11,1456,1455,1456,1455
9.00,-1.33,0.10,1456,1455,1456,1455
9.05,-1.32,0.11,1456,1455,1456,1455
9.09,-1.31,0.10,1464,1463,1464,1463
9.13,-1.31,0.10,1456,1455,1456,1455
9.15,-1.33,0.09,1456,1455,1456,1455
9.16,-1.35,0.09,1460,1459,1460,1459
9.12,-1.37,0.12,1456,1455,1456,1455
9.06,-1.38,0.16,1456,1455,1456,1455
8.97,-1.40,0.17,1456,1455,1456,1455
8.86,-1.43,0.17,1456,1455,1456,1455
8.75,-1.48,0.15,1456,1455,1456,1455
8.66,-1.50,0.13,1456,1455,1456,1455
8.60,-1.47,0.15,1456,1455,1456,1455
8.58,-1.48,0.17,1456,1455,1456,1455
8.60,-1.49,0.18,1456,1455,1456,1455
8.66,-1.49,0.17,1456,1455,1456,1455
8.73,-1.46,0.16,1456,1455,1456,1455
8.81,-1.43,0.17,1456,1455,1456,1455
8.88,-1.43,0.18,1456,1455,1456,1455
8.92,-1.44,0.18,1456,1455,1456,1455
8.94,-1.45,0.18,1456,1455,1456,1455
8.91,-1.45,0.17,1456,1455,1456,1455
8.86,-1.44,0.17,1456,1455,1456,1455
8.80,-1.44,0.17,1456,1455,1456,1455
8.73,-1.46,0.16,1456,1455,1456,1455
8.68,-1.48,0.16,1456,1455,1456,1455
8.65,-1.48,0.16,1456,1455,1456,1455
8.64,-1.47,0.17,1456,1455,1456,1455
8.66,-1.46,0.17,1456,1455,1456,1455
8.70,-1.46,0.16,1456,1455,1456,1455
8.76,-1.46,0.16,1456,1455,1456,1455
8.81,-1.46,0.18,1456,1455,1456,1455
8.86,-1.45,0.18,1456,1455,1456,1455
8.89,-1.43,0.17,1456,1455,1456,1455
8.89,-1.43,0.17,1456,1455,1456,1455
8.87,-1.45,0.16,1456,1455,1456,1455
8.84,-1.45,0.17,1456,1455,1456,1455
8.79,-1.45,0.17,1456,1455,1456,1455
8.74,-1.45,0.17,1456,1455,1456,1455
8.71,-1.45,0.17,1456,1455,1456,1455
8.70,-1.46,0.16,1456,1455,1456,1455
8.70,-1.47,0.16,1456,1455,1456,1455
8.72,-1.46,0.17,1456,1455,1456,1455
8.74,-1.46,0.17,1456,1455,1456,1455
8.78,-1.45,0.17,1456,1455,1456,1455
8.81,-1.45,0.17,1456,1455,1456,1455
8.84,-1.45,0.17,1456,1455,1456,1455
8.85,-1.44,0.17,1456,1455,1456,1455
8.85,-1.45,0.18,1456,1455,1456,1455
8.84,-1.45,0.17,1456,1455,1456,1455
8.81,-1.45,0.17,1456,1455,1456,1455
8.78,-1.45,0.17,1456,1455,1456,1455
8.76,-1.45,0.17,1456,1455,1456,1455
8.74,-1.45,0.17,1456,1455,1456,1455
8.74,-1.46,0.17,1456,1455,1456,1455
8.74,-1.46,0.17,1456,1455,1456,1455
8.76,-1.46,0.17,1456,1455,1456,1455
8.78,-1.45,0.17,1456,1455,1456,1455
8.80,-1.45,0.17,1456,1455,1456,1455
8.81,-1.45,0.17,1456,1455,1456,1455
8.82,-1.45,0.18,1452,1451,1452,1451
8.83,-1.45,0.18,1456,1455,1456,1455
8.82,-1.45,0.17,1448,1447,1448,1447
8.81,-1.45,0.17,1448,1447,1448,1447
8.79,-1.45,0.17,1456,1455,1456,1455
8.78,-1.45,0.17,1456,1455,1456,1455
8.77,-1.46,0.18,1456,1455,1456,1455
8.77,-1.46,0.18,1452,1451,1452,1451
8.78,-1.45,0.17,1456,1455,1456,1455
8.78,-1.45,0.17,1456,1455,1456,1455
8.79,-1.45,0.17,1456,1455,1456,1455
8.80,-1.46,0.18,1456,1455,1456,1455
8.81,-1.45,0.17,1456,1455,1456,1455
8.81,-1.45,0.17,1448,1447,1448,1447
8.81,-1.45,0.17,1448,1447,1448,1447
8.81,-1.45,0.17,1456,1455,1456,1455
8.80,-1.45,0.17,1456,1455,1456,1455
8.79,-1.45,0.18,1456,1455,1456,1455
8.79,-1.45,0.17,1456,1455,1456,1455
8.79,-1.45,0.17,1456,1455,1456,1455
8.79,-1.45,0.18,1456,1455,1456,1455
8.80,-1.45,0.18,1456,1455,1456,1455
8.80,-1.45,0.18,1456,1455,1456,1455
8.81,-1.45,0.18,1456,1455,1456,1455
8.81,-1.45,0.18,1456,1455,1456,1455
8.81,-1.45,0.18,1456,1455,1456,1455
8.81,-1.45,0.18,1456,1455,1456,1455
8.81,-1.45,0.18,1456,1455,1456,1455
8.80,-1.45,0.18,1456,1455,1456,1455
8.80,-1.45,0.18,1456,1455,1456,1455
8.80,-1.45,0.18,1456,1455,1456,1455
8.80,-1.45,0.18,1456,1455,1456,1455
8.81,-1.45,0.18,1448,1447,1448,1447
8.81,-1.45,0.18,1456,1455,1456,1455
8.81,-1.45,0.18,1456,1455,1456,1455
8.81,-1.45,0.18,1456,1455,1456,1455
8.81,-1.45,0.18,1456,1455,1456,1455
8.81,-1.45,0.18,1456,1455,1456,1455
8.81,-1.45,0.18,1468,1467,1468,1467
8.80,-1.45,0.18,1452,1451,1452,1451
8.80,-1.45,0.19,1456,1455,1456,1455
8.80,-1.45,0.18,1456,1455,1456,1455
8.80,-1.45,0.19,1456,1455,1456,1455
8.81,-1.45,0.19,1456,1455,1456,1455
8.81,-1.45,0.19,1456,1455,1456,1455
8.82,-1.45,0.19,1456,1455,1456,1455
8.82,-1.45,0.19,1456,1455,1456,1455
8.83,-1.45,0.19,1456,1455,1456,1455
8.83,-1.45,0.19,1452,1451,1452,1451
8.82,-1.45,0.19,1456,1455,1456,1455
8.81,-1.45,0.19,1452,1451,1452,1451
8.81,-1.45,0.20,1456,1455,1456,1455
8.81,-1.46,0.20,1456,1455,1456,1455
8.80,-1.45,0.20,1456,1455,1456,1455
8.80,-1.45,0.20,1456,1455,1456,1455
8.81,-1.46,0.20,1456,1455,1456,1455
8.81,-1.45,0.20,1456,1455,1456,1455
8.82,-1.45,0.20,1456,1455,1456,1455
8.83,-1.45,0.20,1456,1455,1456,1455
8.84,-1.45,0.20,1456,1455,1456,1455
8.84,-1.45,0.20,1472,1471,1472,1471
